2025-06-02 16:13:37,233 [DEBUG] load_ssl_context verify=True cert=None trust_env=True http2=False
2025-06-02 16:13:37,234 [DEBUG] load_verify_locations cafile='C:\\PHP\\8.3\\extras\\ssl\\cacert.pem'
2025-06-02 16:13:37,502 [DEBUG] load_ssl_context verify=True cert=None trust_env=True http2=False
2025-06-02 16:13:37,502 [DEBUG] load_verify_locations cafile='C:\\PHP\\8.3\\extras\\ssl\\cacert.pem'
2025-06-02 16:13:37,750 [DEBUG] Using proactor: IocpProactor
2025-06-02 16:13:37,775 [DEBUG] Calling Bot API endpoint `getMe` with parameters `{}`
2025-06-02 16:13:37,780 [DEBUG] connect_tcp.started host='api.telegram.org' port=443 local_address=None timeout=5.0 socket_options=None
2025-06-02 16:13:37,842 [DEBUG] connect_tcp.complete return_value=<httpcore._backends.anyio.AnyIOStream object at 0x0000028F3B0F0BC0>
2025-06-02 16:13:37,842 [DEBUG] start_tls.started ssl_context=<ssl.SSLContext object at 0x0000028F3B0D5CD0> server_hostname='api.telegram.org' timeout=5.0
2025-06-02 16:13:37,888 [DEBUG] start_tls.complete return_value=<httpcore._backends.anyio.AnyIOStream object at 0x0000028F3B0F0A10>
2025-06-02 16:13:37,888 [DEBUG] send_request_headers.started request=<Request [b'POST']>
2025-06-02 16:13:37,888 [DEBUG] send_request_headers.complete
2025-06-02 16:13:37,888 [DEBUG] send_request_body.started request=<Request [b'POST']>
2025-06-02 16:13:37,889 [DEBUG] send_request_body.complete
2025-06-02 16:13:37,889 [DEBUG] receive_response_headers.started request=<Request [b'POST']>
2025-06-02 16:13:37,932 [DEBUG] receive_response_headers.complete return_value=(b'HTTP/1.1', 200, b'OK', [(b'Server', b'nginx/1.18.0'), (b'Date', b'Mon, 02 Jun 2025 14:13:36 GMT'), (b'Content-Type', b'application/json'), (b'Content-Length', b'254'), (b'Connection', b'keep-alive'), (b'Strict-Transport-Security', b'max-age=31536000; includeSubDomains; preload'), (b'Access-Control-Allow-Origin', b'*'), (b'Access-Control-Allow-Methods', b'GET, POST, OPTIONS'), (b'Access-Control-Expose-Headers', b'Content-Length,Content-Type,Date,Server,Connection')])
2025-06-02 16:13:37,933 [INFO] HTTP Request: POST https://api.telegram.org/bot7703986827:AAH49SDMtJfU-XmgtsqdjkxXNUgbFSMctyQ/getMe "HTTP/1.1 200 OK"
2025-06-02 16:13:37,933 [DEBUG] receive_response_body.started request=<Request [b'POST']>
2025-06-02 16:13:37,933 [DEBUG] receive_response_body.complete
2025-06-02 16:13:37,933 [DEBUG] response_closed.started
2025-06-02 16:13:37,933 [DEBUG] response_closed.complete
2025-06-02 16:13:37,934 [DEBUG] Call to Bot API endpoint `getMe` finished with return value `{'id': 7703986827, 'is_bot': True, 'first_name': 'push_to_gh', 'username': 'Push_to_GH_Bot', 'can_join_groups': True, 'can_read_all_group_messages': False, 'supports_inline_queries': False, 'can_connect_to_business': False, 'has_main_web_app': False}`
2025-06-02 16:13:37,934 [DEBUG] This Bot is already initialized.
2025-06-02 16:13:37,934 [INFO] Application started
2025-06-02 16:13:37,934 [DEBUG] Updater started (polling)
2025-06-02 16:13:37,934 [DEBUG] Start network loop retry bootstrap del webhook
2025-06-02 16:13:37,934 [DEBUG] Deleting webhook
2025-06-02 16:13:37,934 [DEBUG] Calling Bot API endpoint `deleteWebhook` with parameters `{}`
2025-06-02 16:13:37,935 [DEBUG] send_request_headers.started request=<Request [b'POST']>
2025-06-02 16:13:37,935 [DEBUG] send_request_headers.complete
2025-06-02 16:13:37,935 [DEBUG] send_request_body.started request=<Request [b'POST']>
2025-06-02 16:13:37,935 [DEBUG] send_request_body.complete
2025-06-02 16:13:37,935 [DEBUG] receive_response_headers.started request=<Request [b'POST']>
2025-06-02 16:13:37,993 [DEBUG] receive_response_headers.complete return_value=(b'HTTP/1.1', 200, b'OK', [(b'Server', b'nginx/1.18.0'), (b'Date', b'Mon, 02 Jun 2025 14:13:36 GMT'), (b'Content-Type', b'application/json'), (b'Content-Length', b'68'), (b'Connection', b'keep-alive'), (b'Strict-Transport-Security', b'max-age=31536000; includeSubDomains; preload'), (b'Access-Control-Allow-Origin', b'*'), (b'Access-Control-Allow-Methods', b'GET, POST, OPTIONS'), (b'Access-Control-Expose-Headers', b'Content-Length,Content-Type,Date,Server,Connection')])
2025-06-02 16:13:37,993 [INFO] HTTP Request: POST https://api.telegram.org/bot7703986827:AAH49SDMtJfU-XmgtsqdjkxXNUgbFSMctyQ/deleteWebhook "HTTP/1.1 200 OK"
2025-06-02 16:13:37,993 [DEBUG] receive_response_body.started request=<Request [b'POST']>
2025-06-02 16:13:37,993 [DEBUG] receive_response_body.complete
2025-06-02 16:13:37,994 [DEBUG] response_closed.started
2025-06-02 16:13:37,994 [DEBUG] response_closed.complete
2025-06-02 16:13:37,994 [DEBUG] Call to Bot API endpoint `deleteWebhook` finished with return value `True`
2025-06-02 16:13:37,994 [DEBUG] Bootstrap done
2025-06-02 16:13:37,994 [DEBUG] Waiting for polling to start
2025-06-02 16:13:37,994 [DEBUG] Polling updates from Telegram started
2025-06-02 16:13:37,994 [DEBUG] Start network loop retry getting Updates
2025-06-02 16:13:37,994 [DEBUG] Calling Bot API endpoint `getUpdates` with parameters `{'timeout': 10, 'offset': 0}`
2025-06-02 16:13:37,995 [DEBUG] connect_tcp.started host='api.telegram.org' port=443 local_address=None timeout=5.0 socket_options=None
2025-06-02 16:13:38,286 [DEBUG] connect_tcp.complete return_value=<httpcore._backends.anyio.AnyIOStream object at 0x0000028F3B13FFB0>
2025-06-02 16:13:38,286 [DEBUG] start_tls.started ssl_context=<ssl.SSLContext object at 0x0000028F3B0D5D50> server_hostname='api.telegram.org' timeout=5.0
2025-06-02 16:13:38,326 [DEBUG] start_tls.complete return_value=<httpcore._backends.anyio.AnyIOStream object at 0x0000028F3AA44FB0>
2025-06-02 16:13:38,326 [DEBUG] send_request_headers.started request=<Request [b'POST']>
2025-06-02 16:13:38,326 [DEBUG] send_request_headers.complete
2025-06-02 16:13:38,327 [DEBUG] send_request_body.started request=<Request [b'POST']>
2025-06-02 16:13:38,327 [DEBUG] send_request_body.complete
2025-06-02 16:13:38,327 [DEBUG] receive_response_headers.started request=<Request [b'POST']>
2025-06-02 16:13:38,360 [DEBUG] receive_response_headers.complete return_value=(b'HTTP/1.1', 200, b'OK', [(b'Server', b'nginx/1.18.0'), (b'Date', b'Mon, 02 Jun 2025 14:13:37 GMT'), (b'Content-Type', b'application/json'), (b'Content-Length', b'1481'), (b'Connection', b'keep-alive'), (b'Strict-Transport-Security', b'max-age=31536000; includeSubDomains; preload'), (b'Access-Control-Allow-Origin', b'*'), (b'Access-Control-Allow-Methods', b'GET, POST, OPTIONS'), (b'Access-Control-Expose-Headers', b'Content-Length,Content-Type,Date,Server,Connection')])
2025-06-02 16:13:38,360 [INFO] HTTP Request: POST https://api.telegram.org/bot7703986827:AAH49SDMtJfU-XmgtsqdjkxXNUgbFSMctyQ/getUpdates "HTTP/1.1 200 OK"
2025-06-02 16:13:38,360 [DEBUG] receive_response_body.started request=<Request [b'POST']>
2025-06-02 16:13:38,360 [DEBUG] receive_response_body.complete
2025-06-02 16:13:38,361 [DEBUG] response_closed.started
2025-06-02 16:13:38,361 [DEBUG] response_closed.complete
2025-06-02 16:13:38,361 [DEBUG] Call to Bot API endpoint `getUpdates` finished with return value `[{'update_id': 721425412, 'callback_query': {'id': '5413346755077994972', 'from': {'id': 1260393009, 'is_bot': False, 'first_name': 'Stefano', 'username': 'mothjoseph', 'language_code': 'en'}, 'message': {'message_id': 66, 'from': {'id': 7703986827, 'is_bot': True, 'first_name': 'push_to_gh', 'username': 'Push_to_GH_Bot'}, 'chat': {'id': 1260393009, 'first_name': 'Stefano', 'username': 'mothjoseph', 'type': 'private'}, 'date': 1748873557, 'photo': [{'file_id': 'AgACAgQAAxkDAANCaD2xVYnIUCs2AbMmesXJ1lHCXSQAAsvJMRtRKelRhGwVk0ysVq0BAAMCAANzAAM2BA', 'file_unique_id': 'AQADy8kxG1Ep6VF4', 'file_size': 2278, 'width': 90, 'height': 71}, {'file_id': 'AgACAgQAAxkDAANCaD2xVYnIUCs2AbMmesXJ1lHCXSQAAsvJMRtRKelRhGwVk0ysVq0BAAMCAANtAAM2BA', 'file_unique_id': 'AQADy8kxG1Ep6VFy', 'file_size': 28085, 'width': 320, 'height': 254}, {'file_id': 'AgACAgQAAxkDAANCaD2xVYnIUCs2AbMmesXJ1lHCXSQAAsvJMRtRKelRhGwVk0ysVq0BAAMCAAN4AAM2BA', 'file_unique_id': 'AQADy8kxG1Ep6VF9', 'file_size': 139158, 'width': 800, 'height': 634}, {'file_id': 'AgACAgQAAxkDAANCaD2xVYnIUCs2AbMmesXJ1lHCXSQAAsvJMRtRKelRhGwVk0ysVq0BAAMCAAN5AAM2BA', 'file_unique_id': 'AQADy8kxG1Ep6VF-', 'file_size': 261599, 'width': 1280, 'height': 1015}], 'caption': '✅ Immagine caricata da Stefano', 'reply_markup': {'inline_keyboard': [[{'text': '📡 CDN', 'url': 'https://cdn.jsdelivr.net/gh/astonef/fstfd-cdn@core/images/20250602_161233.jpg'}], [{'text': '🗑️ Elimina messaggio', 'callback_data': 'delete_msg'}]]}}, 'chat_instance': '438506862199288667', 'data': 'delete_msg'}}]`
2025-06-02 16:13:38,361 [DEBUG] Getting updates: [721425412]
2025-06-02 16:13:38,362 [DEBUG] Processing update Update(callback_query=CallbackQuery(chat_instance='438506862199288667', data='delete_msg', from_user=User(first_name='Stefano', id=1260393009, is_bot=False, language_code='en', username='mothjoseph'), id='5413346755077994972', message=Message(caption='✅ Immagine caricata da Stefano', channel_chat_created=False, chat=Chat(first_name='Stefano', id=1260393009, type=<ChatType.PRIVATE>, username='mothjoseph'), date=datetime.datetime(2025, 6, 2, 14, 12, 37, tzinfo=<UTC>), delete_chat_photo=False, from_user=User(first_name='push_to_gh', id=7703986827, is_bot=True, username='Push_to_GH_Bot'), group_chat_created=False, message_id=66, photo=(PhotoSize(file_id='AgACAgQAAxkDAANCaD2xVYnIUCs2AbMmesXJ1lHCXSQAAsvJMRtRKelRhGwVk0ysVq0BAAMCAANzAAM2BA', file_size=2278, file_unique_id='AQADy8kxG1Ep6VF4', height=71, width=90), PhotoSize(file_id='AgACAgQAAxkDAANCaD2xVYnIUCs2AbMmesXJ1lHCXSQAAsvJMRtRKelRhGwVk0ysVq0BAAMCAANtAAM2BA', file_size=28085, file_unique_id='AQADy8kxG1Ep6VFy', height=254, width=320), PhotoSize(file_id='AgACAgQAAxkDAANCaD2xVYnIUCs2AbMmesXJ1lHCXSQAAsvJMRtRKelRhGwVk0ysVq0BAAMCAAN4AAM2BA', file_size=139158, file_unique_id='AQADy8kxG1Ep6VF9', height=634, width=800), PhotoSize(file_id='AgACAgQAAxkDAANCaD2xVYnIUCs2AbMmesXJ1lHCXSQAAsvJMRtRKelRhGwVk0ysVq0BAAMCAAN5AAM2BA', file_size=261599, file_unique_id='AQADy8kxG1Ep6VF-', height=1015, width=1280)), reply_markup=InlineKeyboardMarkup(inline_keyboard=((InlineKeyboardButton(text='📡 CDN', url='https://cdn.jsdelivr.net/gh/astonef/fstfd-cdn@core/images/20250602_161233.jpg'),), (InlineKeyboardButton(callback_data='delete_msg', text='🗑️ Elimina messaggio'),))), supergroup_chat_created=False)), update_id=721425412)
2025-06-02 16:13:38,364 [DEBUG] Calling Bot API endpoint `deleteMessage` with parameters `{'chat_id': 1260393009, 'message_id': 66}`
2025-06-02 16:13:38,365 [DEBUG] send_request_headers.started request=<Request [b'POST']>
2025-06-02 16:13:38,365 [DEBUG] Calling Bot API endpoint `getUpdates` with parameters `{'timeout': 10, 'offset': 721425413}`
2025-06-02 16:13:38,366 [DEBUG] send_request_headers.complete
2025-06-02 16:13:38,366 [DEBUG] send_request_body.started request=<Request [b'POST']>
2025-06-02 16:13:38,366 [DEBUG] send_request_body.complete
2025-06-02 16:13:38,366 [DEBUG] receive_response_headers.started request=<Request [b'POST']>
2025-06-02 16:13:38,366 [DEBUG] send_request_headers.started request=<Request [b'POST']>
2025-06-02 16:13:38,366 [DEBUG] send_request_headers.complete
2025-06-02 16:13:38,366 [DEBUG] send_request_body.started request=<Request [b'POST']>
2025-06-02 16:13:38,367 [DEBUG] send_request_body.complete
2025-06-02 16:13:38,367 [DEBUG] receive_response_headers.started request=<Request [b'POST']>
2025-06-02 16:13:38,416 [DEBUG] receive_response_headers.complete return_value=(b'HTTP/1.1', 200, b'OK', [(b'Server', b'nginx/1.18.0'), (b'Date', b'Mon, 02 Jun 2025 14:13:37 GMT'), (b'Content-Type', b'application/json'), (b'Content-Length', b'25'), (b'Connection', b'keep-alive'), (b'Strict-Transport-Security', b'max-age=31536000; includeSubDomains; preload'), (b'Access-Control-Allow-Origin', b'*'), (b'Access-Control-Allow-Methods', b'GET, POST, OPTIONS'), (b'Access-Control-Expose-Headers', b'Content-Length,Content-Type,Date,Server,Connection')])
2025-06-02 16:13:38,416 [INFO] HTTP Request: POST https://api.telegram.org/bot7703986827:AAH49SDMtJfU-XmgtsqdjkxXNUgbFSMctyQ/deleteMessage "HTTP/1.1 200 OK"
2025-06-02 16:13:38,416 [DEBUG] receive_response_body.started request=<Request [b'POST']>
2025-06-02 16:13:38,416 [DEBUG] receive_response_body.complete
2025-06-02 16:13:38,417 [DEBUG] response_closed.started
2025-06-02 16:13:38,417 [DEBUG] response_closed.complete
2025-06-02 16:13:38,417 [DEBUG] Call to Bot API endpoint `deleteMessage` finished with return value `True`
2025-06-02 16:13:38,417 [DEBUG] 🧽 Messaggio eliminato via bottone
2025-06-02 16:13:38,417 [DEBUG] Calling Bot API endpoint `answerCallbackQuery` with parameters `{'callback_query_id': '5413346755077994972'}`
2025-06-02 16:13:38,417 [DEBUG] send_request_headers.started request=<Request [b'POST']>
2025-06-02 16:13:38,417 [DEBUG] send_request_headers.complete
2025-06-02 16:13:38,417 [DEBUG] send_request_body.started request=<Request [b'POST']>
2025-06-02 16:13:38,419 [DEBUG] send_request_body.complete
2025-06-02 16:13:38,419 [DEBUG] receive_response_headers.started request=<Request [b'POST']>
2025-06-02 16:13:38,492 [DEBUG] receive_response_headers.complete return_value=(b'HTTP/1.1', 400, b'Bad Request', [(b'Server', b'nginx/1.18.0'), (b'Date', b'Mon, 02 Jun 2025 14:13:37 GMT'), (b'Content-Type', b'application/json'), (b'Content-Length', b'127'), (b'Connection', b'keep-alive'), (b'Strict-Transport-Security', b'max-age=31536000; includeSubDomains; preload'), (b'Access-Control-Allow-Origin', b'*'), (b'Access-Control-Expose-Headers', b'Content-Length,Content-Type,Date,Server,Connection')])
2025-06-02 16:13:38,492 [INFO] HTTP Request: POST https://api.telegram.org/bot7703986827:AAH49SDMtJfU-XmgtsqdjkxXNUgbFSMctyQ/answerCallbackQuery "HTTP/1.1 400 Bad Request"
2025-06-02 16:13:38,492 [DEBUG] receive_response_body.started request=<Request [b'POST']>
2025-06-02 16:13:38,492 [DEBUG] receive_response_body.complete
2025-06-02 16:13:38,492 [DEBUG] response_closed.started
2025-06-02 16:13:38,493 [DEBUG] response_closed.complete
2025-06-02 16:13:38,493 [ERROR] No error handlers are registered, logging exception.
Traceback (most recent call last):
  File "C:\Python312\Lib\site-packages\telegram\ext\_application.py", line 1319, in process_update
    await coroutine
  File "C:\Python312\Lib\site-packages\telegram\ext\_handlers\basehandler.py", line 158, in handle_update
    return await self.callback(update, context)
           ^^^^^^^^^^^^^^^^^^^^^^^^^^^^^^^^^^^^
  File "c:\Users\Stefano\OneDrive\Desktop\HERE\2024\IT\Scripts\APIs\cdn-telegram\bot_push_to_gh.py", line 133, in handle_delete_callback
    await update.callback_query.answer()
  File "C:\Python312\Lib\site-packages\telegram\_callbackquery.py", line 190, in answer
    return await self.get_bot().answer_callback_query(
           ^^^^^^^^^^^^^^^^^^^^^^^^^^^^^^^^^^^^^^^^^^^
  File "C:\Python312\Lib\site-packages\telegram\ext\_extbot.py", line 935, in answer_callback_query
    return await super().answer_callback_query(
           ^^^^^^^^^^^^^^^^^^^^^^^^^^^^^^^^^^^^
  File "C:\Python312\Lib\site-packages\telegram\_bot.py", line 3998, in answer_callback_query
    return await self._post(
           ^^^^^^^^^^^^^^^^^
  File "C:\Python312\Lib\site-packages\telegram\_bot.py", line 617, in _post
    return await self._do_post(
           ^^^^^^^^^^^^^^^^^^^^
  File "C:\Python312\Lib\site-packages\telegram\ext\_extbot.py", line 351, in _do_post
    return await super()._do_post(
           ^^^^^^^^^^^^^^^^^^^^^^^
  File "C:\Python312\Lib\site-packages\telegram\_bot.py", line 646, in _do_post
    result = await request.post(
             ^^^^^^^^^^^^^^^^^^^
  File "C:\Python312\Lib\site-packages\telegram\request\_baserequest.py", line 202, in post
    result = await self._request_wrapper(
             ^^^^^^^^^^^^^^^^^^^^^^^^^^^^
  File "C:\Python312\Lib\site-packages\telegram\request\_baserequest.py", line 383, in _request_wrapper
    raise BadRequest(message)
telegram.error.BadRequest: Query is too old and response timeout expired or query id is invalid
2025-06-02 16:13:46,105 [DEBUG] receive_response_headers.complete return_value=(b'HTTP/1.1', 200, b'OK', [(b'Server', b'nginx/1.18.0'), (b'Date', b'Mon, 02 Jun 2025 14:13:45 GMT'), (b'Content-Type', b'application/json'), (b'Content-Length', b'825'), (b'Connection', b'keep-alive'), (b'Strict-Transport-Security', b'max-age=31536000; includeSubDomains; preload'), (b'Access-Control-Allow-Origin', b'*'), (b'Access-Control-Allow-Methods', b'GET, POST, OPTIONS'), (b'Access-Control-Expose-Headers', b'Content-Length,Content-Type,Date,Server,Connection')])
2025-06-02 16:13:46,105 [INFO] HTTP Request: POST https://api.telegram.org/bot7703986827:AAH49SDMtJfU-XmgtsqdjkxXNUgbFSMctyQ/getUpdates "HTTP/1.1 200 OK"
2025-06-02 16:13:46,105 [DEBUG] receive_response_body.started request=<Request [b'POST']>
2025-06-02 16:13:46,105 [DEBUG] receive_response_body.complete
2025-06-02 16:13:46,106 [DEBUG] response_closed.started
2025-06-02 16:13:46,106 [DEBUG] response_closed.complete
2025-06-02 16:13:46,106 [DEBUG] Call to Bot API endpoint `getUpdates` finished with return value `[{'update_id': 721425413, 'message': {'message_id': 67, 'from': {'id': 1260393009, 'is_bot': False, 'first_name': 'Stefano', 'username': 'mothjoseph', 'language_code': 'en'}, 'chat': {'id': 1260393009, 'first_name': 'Stefano', 'username': 'mothjoseph', 'type': 'private'}, 'date': 1748873625, 'photo': [{'file_id': 'AgACAgQAAxkBAANDaD2xmegYbLiFOYePn2Z6_IN0bxIAAszJMRtRKelRJRPBqKQ1iEwBAAMCAANzAAM2BA', 'file_unique_id': 'AQADzMkxG1Ep6VF4', 'file_size': 2131, 'width': 90, 'height': 90}, {'file_id': 'AgACAgQAAxkBAANDaD2xmegYbLiFOYePn2Z6_IN0bxIAAszJMRtRKelRJRPBqKQ1iEwBAAMCAANtAAM2BA', 'file_unique_id': 'AQADzMkxG1Ep6VFy', 'file_size': 25292, 'width': 320, 'height': 320}, {'file_id': 'AgACAgQAAxkBAANDaD2xmegYbLiFOYePn2Z6_IN0bxIAAszJMRtRKelRJRPBqKQ1iEwBAAMCAAN4AAM2BA', 'file_unique_id': 'AQADzMkxG1Ep6VF9', 'file_size': 48076, 'width': 500, 'height': 500}]}}]`
2025-06-02 16:13:46,106 [DEBUG] Getting updates: [721425413]
2025-06-02 16:13:46,107 [DEBUG] Processing update Update(message=Message(channel_chat_created=False, chat=Chat(first_name='Stefano', id=1260393009, type=<ChatType.PRIVATE>, username='mothjoseph'), date=datetime.datetime(2025, 6, 2, 14, 13, 45, tzinfo=<UTC>), delete_chat_photo=False, from_user=User(first_name='Stefano', id=1260393009, is_bot=False, language_code='en', username='mothjoseph'), group_chat_created=False, message_id=67, photo=(PhotoSize(file_id='AgACAgQAAxkBAANDaD2xmegYbLiFOYePn2Z6_IN0bxIAAszJMRtRKelRJRPBqKQ1iEwBAAMCAANzAAM2BA', file_size=2131, file_unique_id='AQADzMkxG1Ep6VF4', height=90, width=90), PhotoSize(file_id='AgACAgQAAxkBAANDaD2xmegYbLiFOYePn2Z6_IN0bxIAAszJMRtRKelRJRPBqKQ1iEwBAAMCAANtAAM2BA', file_size=25292, file_unique_id='AQADzMkxG1Ep6VFy', height=320, width=320), PhotoSize(file_id='AgACAgQAAxkBAANDaD2xmegYbLiFOYePn2Z6_IN0bxIAAszJMRtRKelRJRPBqKQ1iEwBAAMCAAN4AAM2BA', file_size=48076, file_unique_id='AQADzMkxG1Ep6VF9', height=500, width=500)), supergroup_chat_created=False), update_id=721425413)
2025-06-02 16:13:46,107 [DEBUG] 📨 Messaggio ricevuto
2025-06-02 16:13:46,107 [DEBUG] Calling Bot API endpoint `getFile` with parameters `{'file_id': 'AgACAgQAAxkBAANDaD2xmegYbLiFOYePn2Z6_IN0bxIAAszJMRtRKelRJRPBqKQ1iEwBAAMCAAN4AAM2BA'}`
2025-06-02 16:13:46,107 [DEBUG] close.started
2025-06-02 16:13:46,108 [DEBUG] close.complete
2025-06-02 16:13:46,108 [DEBUG] connect_tcp.started host='api.telegram.org' port=443 local_address=None timeout=5.0 socket_options=None
2025-06-02 16:13:46,108 [DEBUG] Calling Bot API endpoint `getUpdates` with parameters `{'timeout': 10, 'offset': 721425414}`
2025-06-02 16:13:46,109 [DEBUG] send_request_headers.started request=<Request [b'POST']>
2025-06-02 16:13:46,109 [DEBUG] send_request_headers.complete
2025-06-02 16:13:46,109 [DEBUG] send_request_body.started request=<Request [b'POST']>
2025-06-02 16:13:46,109 [DEBUG] send_request_body.complete
2025-06-02 16:13:46,109 [DEBUG] receive_response_headers.started request=<Request [b'POST']>
2025-06-02 16:13:46,167 [DEBUG] connect_tcp.complete return_value=<httpcore._backends.anyio.AnyIOStream object at 0x0000028F3B176FF0>
2025-06-02 16:13:46,167 [DEBUG] start_tls.started ssl_context=<ssl.SSLContext object at 0x0000028F3B0D5CD0> server_hostname='api.telegram.org' timeout=5.0
2025-06-02 16:13:46,213 [DEBUG] start_tls.complete return_value=<httpcore._backends.anyio.AnyIOStream object at 0x0000028F3B176ED0>
2025-06-02 16:13:46,213 [DEBUG] send_request_headers.started request=<Request [b'POST']>
2025-06-02 16:13:46,213 [DEBUG] send_request_headers.complete
2025-06-02 16:13:46,213 [DEBUG] send_request_body.started request=<Request [b'POST']>
2025-06-02 16:13:46,214 [DEBUG] send_request_body.complete
2025-06-02 16:13:46,214 [DEBUG] receive_response_headers.started request=<Request [b'POST']>
2025-06-02 16:13:46,328 [DEBUG] receive_response_headers.complete return_value=(b'HTTP/1.1', 200, b'OK', [(b'Server', b'nginx/1.18.0'), (b'Date', b'Mon, 02 Jun 2025 14:13:45 GMT'), (b'Content-Type', b'application/json'), (b'Content-Length', b'204'), (b'Connection', b'keep-alive'), (b'Strict-Transport-Security', b'max-age=31536000; includeSubDomains; preload'), (b'Access-Control-Allow-Origin', b'*'), (b'Access-Control-Allow-Methods', b'GET, POST, OPTIONS'), (b'Access-Control-Expose-Headers', b'Content-Length,Content-Type,Date,Server,Connection')])
2025-06-02 16:13:46,328 [INFO] HTTP Request: POST https://api.telegram.org/bot7703986827:AAH49SDMtJfU-XmgtsqdjkxXNUgbFSMctyQ/getFile "HTTP/1.1 200 OK"
2025-06-02 16:13:46,328 [DEBUG] receive_response_body.started request=<Request [b'POST']>
2025-06-02 16:13:46,328 [DEBUG] receive_response_body.complete
2025-06-02 16:13:46,328 [DEBUG] response_closed.started
2025-06-02 16:13:46,329 [DEBUG] response_closed.complete
2025-06-02 16:13:46,329 [DEBUG] Call to Bot API endpoint `getFile` finished with return value `{'file_id': 'AgACAgQAAxkBAANDaD2xmegYbLiFOYePn2Z6_IN0bxIAAszJMRtRKelRJRPBqKQ1iEwBAAMCAAN4AAM2BA', 'file_unique_id': 'AQADzMkxG1Ep6VF9', 'file_size': 48076, 'file_path': 'photos/file_17.jpg'}`
2025-06-02 16:13:46,329 [DEBUG] 📁 filename: 20250602_161346.jpg
2025-06-02 16:13:46,329 [DEBUG] 📍 filepath: c:\Users\Stefano\OneDrive\Desktop\HERE\2024\IT\Scripts\APIs\cdn-telegram\20250602_161346.jpg
2025-06-02 16:13:46,329 [DEBUG] 🔍 file: File(file_id='AgACAgQAAxkBAANDaD2xmegYbLiFOYePn2Z6_IN0bxIAAszJMRtRKelRJRPBqKQ1iEwBAAMCAAN4AAM2BA', file_path='https://api.telegram.org/file/bot7703986827:AAH49SDMtJfU-XmgtsqdjkxXNUgbFSMctyQ/photos/file_17.jpg', file_size=48076, file_unique_id='AQADzMkxG1Ep6VF9')
2025-06-02 16:13:46,329 [DEBUG] 🌐 file.file_path: https://api.telegram.org/file/bot7703986827:AAH49SDMtJfU-XmgtsqdjkxXNUgbFSMctyQ/photos/file_17.jpg
2025-06-02 16:13:46,330 [DEBUG] send_request_headers.started request=<Request [b'GET']>
2025-06-02 16:13:46,330 [DEBUG] send_request_headers.complete
2025-06-02 16:13:46,330 [DEBUG] send_request_body.started request=<Request [b'GET']>
2025-06-02 16:13:46,330 [DEBUG] send_request_body.complete
2025-06-02 16:13:46,330 [DEBUG] receive_response_headers.started request=<Request [b'GET']>
2025-06-02 16:13:46,458 [DEBUG] receive_response_headers.complete return_value=(b'HTTP/1.1', 200, b'OK', [(b'Server', b'nginx/1.18.0'), (b'Date', b'Mon, 02 Jun 2025 14:13:45 GMT'), (b'Content-Length', b'48076'), (b'Connection', b'keep-alive'), (b'Last-Modified', b'Mon, 02 Jun 2025 14:13:45 GMT'), (b'ETag', b'"683db199-bbcc"'), (b'Accept-Ranges', b'bytes'), (b'Content-Disposition', b'attachment'), (b'Content-Type', b'application/octet-stream')])
2025-06-02 16:13:46,459 [INFO] HTTP Request: GET https://api.telegram.org/file/bot7703986827%3AAAH49SDMtJfU-XmgtsqdjkxXNUgbFSMctyQ/photos/file_17.jpg "HTTP/1.1 200 OK"
2025-06-02 16:13:46,459 [DEBUG] receive_response_body.started request=<Request [b'GET']>
2025-06-02 16:13:46,459 [DEBUG] receive_response_body.complete
2025-06-02 16:13:46,459 [DEBUG] response_closed.started
2025-06-02 16:13:46,459 [DEBUG] response_closed.complete
2025-06-02 16:13:46,461 [DEBUG] ✅ Download completato
2025-06-02 16:13:46,461 [DEBUG] Uploading c:\Users\Stefano\OneDrive\Desktop\HERE\2024\IT\Scripts\APIs\cdn-telegram\20250602_161346.jpg to images/20250602_161346.jpg in repo astonef/fstfd-cdn on branch core
2025-06-02 16:13:46,461 [DEBUG] GitHub API URL: https://api.github.com/repos/astonef/fstfd-cdn/contents/images/20250602_161346.jpg
2025-06-02 16:13:46,462 [DEBUG] Encoded content length: 64104
2025-06-02 16:13:46,462 [DEBUG] Checking if file already exists...
2025-06-02 16:13:46,464 [DEBUG] Starting new HTTPS connection (1): api.github.com:443
2025-06-02 16:13:47,097 [DEBUG] https://api.github.com:443 "GET /repos/astonef/fstfd-cdn/contents/images/20250602_161346.jpg?ref=core HTTP/1.1" 404 None
2025-06-02 16:13:47,098 [DEBUG] GET status code: 404
2025-06-02 16:13:47,098 [DEBUG] File does not exist or error occurred.
2025-06-02 16:13:47,098 [DEBUG] PUT data payload: dict_keys(['message', 'content', 'branch'])
2025-06-02 16:13:47,100 [DEBUG] Starting new HTTPS connection (1): api.github.com:443
2025-06-02 16:13:48,262 [DEBUG] https://api.github.com:443 "PUT /repos/astonef/fstfd-cdn/contents/images/20250602_161346.jpg HTTP/1.1" 201 2000
2025-06-02 16:13:48,265 [DEBUG] PUT status: 201
2025-06-02 16:13:48,266 [DEBUG] PUT response: {'content': {'name': '20250602_161346.jpg', 'path': 'images/20250602_161346.jpg', 'sha': '297e91089f4b1d678b033ee1a8f89a864507bbd4', 'size': 48076, 'url': 'https://api.github.com/repos/astonef/fstfd-cdn/contents/images/20250602_161346.jpg?ref=core', 'html_url': 'https://github.com/astonef/fstfd-cdn/blob/core/images/20250602_161346.jpg', 'git_url': 'https://api.github.com/repos/astonef/fstfd-cdn/git/blobs/297e91089f4b1d678b033ee1a8f89a864507bbd4', 'download_url': 'https://raw.githubusercontent.com/astonef/fstfd-cdn/core/images/20250602_161346.jpg', 'type': 'file', '_links': {'self': 'https://api.github.com/repos/astonef/fstfd-cdn/contents/images/20250602_161346.jpg?ref=core', 'git': 'https://api.github.com/repos/astonef/fstfd-cdn/git/blobs/297e91089f4b1d678b033ee1a8f89a864507bbd4', 'html': 'https://github.com/astonef/fstfd-cdn/blob/core/images/20250602_161346.jpg'}}, 'commit': {'sha': '5b785fb08676f516c6e831a92727e14e741f659b', 'node_id': 'C_kwDOOwxD0doAKDViNzg1ZmIwODY3NmY1MTZjNmU4MzFhOTI3MjdlMTRlNzQxZjY1OWI', 'url': 'https://api.github.com/repos/astonef/fstfd-cdn/git/commits/5b785fb08676f516c6e831a92727e14e741f659b', 'html_url': 'https://github.com/astonef/fstfd-cdn/commit/5b785fb08676f516c6e831a92727e14e741f659b', 'author': {'name': 'SGM', 'email': '87166263+astonef@users.noreply.github.com', 'date': '2025-06-02T14:13:46Z'}, 'committer': {'name': 'SGM', 'email': '87166263+astonef@users.noreply.github.com', 'date': '2025-06-02T14:13:46Z'}, 'tree': {'sha': '24a08770f035495eb2ea95e01669798c4e13fb66', 'url': 'https://api.github.com/repos/astonef/fstfd-cdn/git/trees/24a08770f035495eb2ea95e01669798c4e13fb66'}, 'message': 'upload images/20250602_161346.jpg', 'parents': [{'sha': 'c91c47136420bb72c41b680b3bce68167ceacc2c', 'url': 'https://api.github.com/repos/astonef/fstfd-cdn/git/commits/c91c47136420bb72c41b680b3bce68167ceacc2c', 'html_url': 'https://github.com/astonef/fstfd-cdn/commit/c91c47136420bb72c41b680b3bce68167ceacc2c'}], 'verification': {'verified': False, 'reason': 'unsigned', 'signature': None, 'payload': None, 'verified_at': None}}}
2025-06-02 16:13:48,268 [INFO] ✅ Upload riuscito: 20250602_161346.jpg
2025-06-02 16:13:48,269 [DEBUG] Calling Bot API endpoint `deleteMessage` with parameters `{'chat_id': 1260393009, 'message_id': 67}`
2025-06-02 16:13:48,270 [DEBUG] send_request_headers.started request=<Request [b'POST']>
2025-06-02 16:13:48,270 [DEBUG] send_request_headers.complete
2025-06-02 16:13:48,270 [DEBUG] send_request_body.started request=<Request [b'POST']>
2025-06-02 16:13:48,270 [DEBUG] send_request_body.complete
2025-06-02 16:13:48,270 [DEBUG] receive_response_headers.started request=<Request [b'POST']>
2025-06-02 16:13:48,347 [DEBUG] receive_response_headers.complete return_value=(b'HTTP/1.1', 200, b'OK', [(b'Server', b'nginx/1.18.0'), (b'Date', b'Mon, 02 Jun 2025 14:13:47 GMT'), (b'Content-Type', b'application/json'), (b'Content-Length', b'25'), (b'Connection', b'keep-alive'), (b'Strict-Transport-Security', b'max-age=31536000; includeSubDomains; preload'), (b'Access-Control-Allow-Origin', b'*'), (b'Access-Control-Allow-Methods', b'GET, POST, OPTIONS'), (b'Access-Control-Expose-Headers', b'Content-Length,Content-Type,Date,Server,Connection')])
2025-06-02 16:13:48,347 [INFO] HTTP Request: POST https://api.telegram.org/bot7703986827:AAH49SDMtJfU-XmgtsqdjkxXNUgbFSMctyQ/deleteMessage "HTTP/1.1 200 OK"
2025-06-02 16:13:48,347 [DEBUG] receive_response_body.started request=<Request [b'POST']>
2025-06-02 16:13:48,347 [DEBUG] receive_response_body.complete
2025-06-02 16:13:48,347 [DEBUG] response_closed.started
2025-06-02 16:13:48,348 [DEBUG] response_closed.complete
2025-06-02 16:13:48,348 [DEBUG] Call to Bot API endpoint `deleteMessage` finished with return value `True`
2025-06-02 16:13:48,348 [DEBUG] 🗑️ Messaggio utente cancellato
2025-06-02 16:13:49,428 [DEBUG] Calling Bot API endpoint `sendPhoto` with parameters `{'chat_id': 1260393009, 'photo': <telegram._files.inputfile.InputFile object at 0x0000028F3B172140>, 'caption': '✅ Immagine caricata da Stefano', 'reply_markup': InlineKeyboardMarkup(inline_keyboard=((InlineKeyboardButton(text='📡 CDN', url='https://cdn.jsdelivr.net/gh/astonef/fstfd-cdn@core/images/20250602_161346.jpg'),), (InlineKeyboardButton(callback_data='copy::20250602_161346', text='📋 Copia link'),), (InlineKeyboardButton(callback_data='delete_msg', text='🗑️ Elimina messaggio'),)))}`
2025-06-02 16:13:49,429 [DEBUG] send_request_headers.started request=<Request [b'POST']>
2025-06-02 16:13:49,429 [DEBUG] send_request_headers.complete
2025-06-02 16:13:49,429 [DEBUG] send_request_body.started request=<Request [b'POST']>
2025-06-02 16:13:49,431 [DEBUG] send_request_body.complete
2025-06-02 16:13:49,431 [DEBUG] receive_response_headers.started request=<Request [b'POST']>
2025-06-02 16:13:49,712 [DEBUG] receive_response_headers.complete return_value=(b'HTTP/1.1', 200, b'OK', [(b'Server', b'nginx/1.18.0'), (b'Date', b'Mon, 02 Jun 2025 14:13:48 GMT'), (b'Content-Type', b'application/json'), (b'Content-Length', b'1130'), (b'Connection', b'keep-alive'), (b'Strict-Transport-Security', b'max-age=31536000; includeSubDomains; preload'), (b'Access-Control-Allow-Origin', b'*'), (b'Access-Control-Allow-Methods', b'GET, POST, OPTIONS'), (b'Access-Control-Expose-Headers', b'Content-Length,Content-Type,Date,Server,Connection')])
2025-06-02 16:13:49,713 [INFO] HTTP Request: POST https://api.telegram.org/bot7703986827:AAH49SDMtJfU-XmgtsqdjkxXNUgbFSMctyQ/sendPhoto "HTTP/1.1 200 OK"
2025-06-02 16:13:49,713 [DEBUG] receive_response_body.started request=<Request [b'POST']>
2025-06-02 16:13:49,713 [DEBUG] receive_response_body.complete
2025-06-02 16:13:49,713 [DEBUG] response_closed.started
2025-06-02 16:13:49,714 [DEBUG] response_closed.complete
2025-06-02 16:13:49,714 [DEBUG] Call to Bot API endpoint `sendPhoto` finished with return value `{'message_id': 68, 'from': {'id': 7703986827, 'is_bot': True, 'first_name': 'push_to_gh', 'username': 'Push_to_GH_Bot'}, 'chat': {'id': 1260393009, 'first_name': 'Stefano', 'username': 'mothjoseph', 'type': 'private'}, 'date': 1748873628, 'photo': [{'file_id': 'AgACAgQAAxkDAANEaD2xnH1oXLKJYD0Q56sKG-fiJUAAAs3JMRtRKelRfAxQe-pv8ZoBAAMCAANzAAM2BA', 'file_unique_id': 'AQADzckxG1Ep6VF4', 'file_size': 2121, 'width': 90, 'height': 90}, {'file_id': 'AgACAgQAAxkDAANEaD2xnH1oXLKJYD0Q56sKG-fiJUAAAs3JMRtRKelRfAxQe-pv8ZoBAAMCAANtAAM2BA', 'file_unique_id': 'AQADzckxG1Ep6VFy', 'file_size': 25655, 'width': 320, 'height': 320}, {'file_id': 'AgACAgQAAxkDAANEaD2xnH1oXLKJYD0Q56sKG-fiJUAAAs3JMRtRKelRfAxQe-pv8ZoBAAMCAAN4AAM2BA', 'file_unique_id': 'AQADzckxG1Ep6VF9', 'file_size': 48076, 'width': 500, 'height': 500}], 'caption': '✅ Immagine caricata da Stefano', 'reply_markup': {'inline_keyboard': [[{'text': '📡 CDN', 'url': 'https://cdn.jsdelivr.net/gh/astonef/fstfd-cdn@core/images/20250602_161346.jpg'}], [{'text': '📋 Copia link', 'callback_data': 'copy::20250602_161346'}], [{'text': '🗑️ Elimina messaggio', 'callback_data': 'delete_msg'}]]}}`
2025-06-02 16:13:49,715 [DEBUG] 🧹 File temporaneo rimosso
2025-06-02 16:13:52,719 [DEBUG] receive_response_headers.complete return_value=(b'HTTP/1.1', 200, b'OK', [(b'Server', b'nginx/1.18.0'), (b'Date', b'Mon, 02 Jun 2025 14:13:51 GMT'), (b'Content-Type', b'application/json'), (b'Content-Length', b'1389'), (b'Connection', b'keep-alive'), (b'Strict-Transport-Security', b'max-age=31536000; includeSubDomains; preload'), (b'Access-Control-Allow-Origin', b'*'), (b'Access-Control-Allow-Methods', b'GET, POST, OPTIONS'), (b'Access-Control-Expose-Headers', b'Content-Length,Content-Type,Date,Server,Connection')])
2025-06-02 16:13:52,720 [INFO] HTTP Request: POST https://api.telegram.org/bot7703986827:AAH49SDMtJfU-XmgtsqdjkxXNUgbFSMctyQ/getUpdates "HTTP/1.1 200 OK"
2025-06-02 16:13:52,720 [DEBUG] receive_response_body.started request=<Request [b'POST']>
2025-06-02 16:13:52,720 [DEBUG] receive_response_body.complete
2025-06-02 16:13:52,720 [DEBUG] response_closed.started
2025-06-02 16:13:52,720 [DEBUG] response_closed.complete
2025-06-02 16:13:52,721 [DEBUG] Call to Bot API endpoint `getUpdates` finished with return value `[{'update_id': 721425414, 'callback_query': {'id': '5413346757174679910', 'from': {'id': 1260393009, 'is_bot': False, 'first_name': 'Stefano', 'username': 'mothjoseph', 'language_code': 'en'}, 'message': {'message_id': 68, 'from': {'id': 7703986827, 'is_bot': True, 'first_name': 'push_to_gh', 'username': 'Push_to_GH_Bot'}, 'chat': {'id': 1260393009, 'first_name': 'Stefano', 'username': 'mothjoseph', 'type': 'private'}, 'date': 1748873628, 'photo': [{'file_id': 'AgACAgQAAxkDAANEaD2xnH1oXLKJYD0Q56sKG-fiJUAAAs3JMRtRKelRfAxQe-pv8ZoBAAMCAANzAAM2BA', 'file_unique_id': 'AQADzckxG1Ep6VF4', 'file_size': 2121, 'width': 90, 'height': 90}, {'file_id': 'AgACAgQAAxkDAANEaD2xnH1oXLKJYD0Q56sKG-fiJUAAAs3JMRtRKelRfAxQe-pv8ZoBAAMCAANtAAM2BA', 'file_unique_id': 'AQADzckxG1Ep6VFy', 'file_size': 25655, 'width': 320, 'height': 320}, {'file_id': 'AgACAgQAAxkDAANEaD2xnH1oXLKJYD0Q56sKG-fiJUAAAs3JMRtRKelRfAxQe-pv8ZoBAAMCAAN4AAM2BA', 'file_unique_id': 'AQADzckxG1Ep6VF9', 'file_size': 48076, 'width': 500, 'height': 500}], 'caption': '✅ Immagine caricata da Stefano', 'reply_markup': {'inline_keyboard': [[{'text': '📡 CDN', 'url': 'https://cdn.jsdelivr.net/gh/astonef/fstfd-cdn@core/images/20250602_161346.jpg'}], [{'text': '📋 Copia link', 'callback_data': 'copy::20250602_161346'}], [{'text': '🗑️ Elimina messaggio', 'callback_data': 'delete_msg'}]]}}, 'chat_instance': '438506862199288667', 'data': 'copy::20250602_161346'}}]`
2025-06-02 16:13:52,721 [DEBUG] Getting updates: [721425414]
2025-06-02 16:13:52,721 [DEBUG] Processing update Update(callback_query=CallbackQuery(chat_instance='438506862199288667', data='copy::20250602_161346', from_user=User(first_name='Stefano', id=1260393009, is_bot=False, language_code='en', username='mothjoseph'), id='5413346757174679910', message=Message(caption='✅ Immagine caricata da Stefano', channel_chat_created=False, chat=Chat(first_name='Stefano', id=1260393009, type=<ChatType.PRIVATE>, username='mothjoseph'), date=datetime.datetime(2025, 6, 2, 14, 13, 48, tzinfo=<UTC>), delete_chat_photo=False, from_user=User(first_name='push_to_gh', id=7703986827, is_bot=True, username='Push_to_GH_Bot'), group_chat_created=False, message_id=68, photo=(PhotoSize(file_id='AgACAgQAAxkDAANEaD2xnH1oXLKJYD0Q56sKG-fiJUAAAs3JMRtRKelRfAxQe-pv8ZoBAAMCAANzAAM2BA', file_size=2121, file_unique_id='AQADzckxG1Ep6VF4', height=90, width=90), PhotoSize(file_id='AgACAgQAAxkDAANEaD2xnH1oXLKJYD0Q56sKG-fiJUAAAs3JMRtRKelRfAxQe-pv8ZoBAAMCAANtAAM2BA', file_size=25655, file_unique_id='AQADzckxG1Ep6VFy', height=320, width=320), PhotoSize(file_id='AgACAgQAAxkDAANEaD2xnH1oXLKJYD0Q56sKG-fiJUAAAs3JMRtRKelRfAxQe-pv8ZoBAAMCAAN4AAM2BA', file_size=48076, file_unique_id='AQADzckxG1Ep6VF9', height=500, width=500)), reply_markup=InlineKeyboardMarkup(inline_keyboard=((InlineKeyboardButton(text='📡 CDN', url='https://cdn.jsdelivr.net/gh/astonef/fstfd-cdn@core/images/20250602_161346.jpg'),), (InlineKeyboardButton(callback_data='copy::20250602_161346', text='📋 Copia link'),), (InlineKeyboardButton(callback_data='delete_msg', text='🗑️ Elimina messaggio'),))), supergroup_chat_created=False)), update_id=721425414)
2025-06-02 16:13:52,721 [DEBUG] Calling Bot API endpoint `answerCallbackQuery` with parameters `{'callback_query_id': '5413346757174679910', 'text': '✅ Link copiabile inviato', 'show_alert': False}`
2025-06-02 16:13:52,722 [DEBUG] send_request_headers.started request=<Request [b'POST']>
2025-06-02 16:13:52,722 [DEBUG] Calling Bot API endpoint `getUpdates` with parameters `{'timeout': 10, 'offset': 721425415}`
2025-06-02 16:13:52,723 [DEBUG] send_request_headers.complete
2025-06-02 16:13:52,723 [DEBUG] send_request_body.started request=<Request [b'POST']>
2025-06-02 16:13:52,723 [DEBUG] send_request_body.complete
2025-06-02 16:13:52,723 [DEBUG] receive_response_headers.started request=<Request [b'POST']>
2025-06-02 16:13:52,723 [DEBUG] send_request_headers.started request=<Request [b'POST']>
2025-06-02 16:13:52,723 [DEBUG] send_request_headers.complete
2025-06-02 16:13:52,723 [DEBUG] send_request_body.started request=<Request [b'POST']>
2025-06-02 16:13:52,724 [DEBUG] send_request_body.complete
2025-06-02 16:13:52,724 [DEBUG] receive_response_headers.started request=<Request [b'POST']>
2025-06-02 16:13:52,846 [DEBUG] receive_response_headers.complete return_value=(b'HTTP/1.1', 200, b'OK', [(b'Server', b'nginx/1.18.0'), (b'Date', b'Mon, 02 Jun 2025 14:13:51 GMT'), (b'Content-Type', b'application/json'), (b'Content-Length', b'25'), (b'Connection', b'keep-alive'), (b'Strict-Transport-Security', b'max-age=31536000; includeSubDomains; preload'), (b'Access-Control-Allow-Origin', b'*'), (b'Access-Control-Allow-Methods', b'GET, POST, OPTIONS'), (b'Access-Control-Expose-Headers', b'Content-Length,Content-Type,Date,Server,Connection')])
2025-06-02 16:13:52,847 [INFO] HTTP Request: POST https://api.telegram.org/bot7703986827:AAH49SDMtJfU-XmgtsqdjkxXNUgbFSMctyQ/answerCallbackQuery "HTTP/1.1 200 OK"
2025-06-02 16:13:52,847 [DEBUG] receive_response_body.started request=<Request [b'POST']>
2025-06-02 16:13:52,847 [DEBUG] receive_response_body.complete
2025-06-02 16:13:52,847 [DEBUG] response_closed.started
2025-06-02 16:13:52,848 [DEBUG] response_closed.complete
2025-06-02 16:13:52,848 [DEBUG] Call to Bot API endpoint `answerCallbackQuery` finished with return value `True`
2025-06-02 16:13:52,848 [DEBUG] Calling Bot API endpoint `sendMessage` with parameters `{'chat_id': 1260393009, 'text': 'https://cdn.jsdelivr.net/gh/astonef/fstfd-cdn@core/images/20250602_161346.jpg'}`
2025-06-02 16:13:52,848 [DEBUG] send_request_headers.started request=<Request [b'POST']>
2025-06-02 16:13:52,849 [DEBUG] send_request_headers.complete
2025-06-02 16:13:52,849 [DEBUG] send_request_body.started request=<Request [b'POST']>
2025-06-02 16:13:52,849 [DEBUG] send_request_body.complete
2025-06-02 16:13:52,849 [DEBUG] receive_response_headers.started request=<Request [b'POST']>
2025-06-02 16:13:53,002 [DEBUG] receive_response_headers.complete return_value=(b'HTTP/1.1', 200, b'OK', [(b'Server', b'nginx/1.18.0'), (b'Date', b'Mon, 02 Jun 2025 14:13:51 GMT'), (b'Content-Type', b'application/json'), (b'Content-Length', b'487'), (b'Connection', b'keep-alive'), (b'Strict-Transport-Security', b'max-age=31536000; includeSubDomains; preload'), (b'Access-Control-Allow-Origin', b'*'), (b'Access-Control-Allow-Methods', b'GET, POST, OPTIONS'), (b'Access-Control-Expose-Headers', b'Content-Length,Content-Type,Date,Server,Connection')])
2025-06-02 16:13:53,003 [INFO] HTTP Request: POST https://api.telegram.org/bot7703986827:AAH49SDMtJfU-XmgtsqdjkxXNUgbFSMctyQ/sendMessage "HTTP/1.1 200 OK"
2025-06-02 16:13:53,003 [DEBUG] receive_response_body.started request=<Request [b'POST']>
2025-06-02 16:13:53,003 [DEBUG] receive_response_body.complete
2025-06-02 16:13:53,003 [DEBUG] response_closed.started
2025-06-02 16:13:53,003 [DEBUG] response_closed.complete
2025-06-02 16:13:53,003 [DEBUG] Call to Bot API endpoint `sendMessage` finished with return value `{'message_id': 69, 'from': {'id': 7703986827, 'is_bot': True, 'first_name': 'push_to_gh', 'username': 'Push_to_GH_Bot'}, 'chat': {'id': 1260393009, 'first_name': 'Stefano', 'username': 'mothjoseph', 'type': 'private'}, 'date': 1748873631, 'text': 'https://cdn.jsdelivr.net/gh/astonef/fstfd-cdn@core/images/20250602_161346.jpg', 'entities': [{'offset': 0, 'length': 77, 'type': 'url'}], 'link_preview_options': {'url': 'https://cdn.jsdelivr.net/gh/astonef/fstfd-cdn@core/images/20250602_161346.jpg'}}`
2025-06-02 16:14:02,760 [DEBUG] receive_response_headers.complete return_value=(b'HTTP/1.1', 200, b'OK', [(b'Server', b'nginx/1.18.0'), (b'Date', b'Mon, 02 Jun 2025 14:14:01 GMT'), (b'Content-Type', b'application/json'), (b'Content-Length', b'23'), (b'Connection', b'keep-alive'), (b'Strict-Transport-Security', b'max-age=31536000; includeSubDomains; preload'), (b'Access-Control-Allow-Origin', b'*'), (b'Access-Control-Allow-Methods', b'GET, POST, OPTIONS'), (b'Access-Control-Expose-Headers', b'Content-Length,Content-Type,Date,Server,Connection')])
2025-06-02 16:14:02,760 [INFO] HTTP Request: POST https://api.telegram.org/bot7703986827:AAH49SDMtJfU-XmgtsqdjkxXNUgbFSMctyQ/getUpdates "HTTP/1.1 200 OK"
2025-06-02 16:14:02,760 [DEBUG] receive_response_body.started request=<Request [b'POST']>
2025-06-02 16:14:02,760 [DEBUG] receive_response_body.complete
2025-06-02 16:14:02,761 [DEBUG] response_closed.started
2025-06-02 16:14:02,761 [DEBUG] response_closed.complete
2025-06-02 16:14:02,761 [DEBUG] Call to Bot API endpoint `getUpdates` finished with return value `[]`
2025-06-02 16:14:02,761 [DEBUG] No new updates found.
2025-06-02 16:14:02,762 [DEBUG] Calling Bot API endpoint `getUpdates` with parameters `{'timeout': 10, 'offset': 721425415}`
2025-06-02 16:14:02,762 [DEBUG] send_request_headers.started request=<Request [b'POST']>
2025-06-02 16:14:02,762 [DEBUG] send_request_headers.complete
2025-06-02 16:14:02,762 [DEBUG] send_request_body.started request=<Request [b'POST']>
2025-06-02 16:14:02,762 [DEBUG] send_request_body.complete
2025-06-02 16:14:02,763 [DEBUG] receive_response_headers.started request=<Request [b'POST']>
2025-06-02 16:15:36,523 [DEBUG] load_ssl_context verify=True cert=None trust_env=True http2=False
2025-06-02 16:15:36,525 [DEBUG] load_verify_locations cafile='C:\\PHP\\8.3\\extras\\ssl\\cacert.pem'
2025-06-02 16:15:36,775 [DEBUG] load_ssl_context verify=True cert=None trust_env=True http2=False
2025-06-02 16:15:36,775 [DEBUG] load_verify_locations cafile='C:\\PHP\\8.3\\extras\\ssl\\cacert.pem'
2025-06-02 16:15:37,014 [DEBUG] Using proactor: IocpProactor
2025-06-02 16:15:37,017 [DEBUG] Calling Bot API endpoint `getMe` with parameters `{}`
2025-06-02 16:15:37,021 [DEBUG] connect_tcp.started host='api.telegram.org' port=443 local_address=None timeout=5.0 socket_options=None
2025-06-02 16:15:37,085 [DEBUG] connect_tcp.complete return_value=<httpcore._backends.anyio.AnyIOStream object at 0x0000025E62B33950>
2025-06-02 16:15:37,086 [DEBUG] start_tls.started ssl_context=<ssl.SSLContext object at 0x0000025E630D5C50> server_hostname='api.telegram.org' timeout=5.0
2025-06-02 16:15:37,135 [DEBUG] start_tls.complete return_value=<httpcore._backends.anyio.AnyIOStream object at 0x0000025E631004A0>
2025-06-02 16:15:37,136 [DEBUG] send_request_headers.started request=<Request [b'POST']>
2025-06-02 16:15:37,136 [DEBUG] send_request_headers.complete
2025-06-02 16:15:37,137 [DEBUG] send_request_body.started request=<Request [b'POST']>
2025-06-02 16:15:37,137 [DEBUG] send_request_body.complete
2025-06-02 16:15:37,137 [DEBUG] receive_response_headers.started request=<Request [b'POST']>
2025-06-02 16:15:37,185 [DEBUG] receive_response_headers.complete return_value=(b'HTTP/1.1', 200, b'OK', [(b'Server', b'nginx/1.18.0'), (b'Date', b'Mon, 02 Jun 2025 14:15:36 GMT'), (b'Content-Type', b'application/json'), (b'Content-Length', b'254'), (b'Connection', b'keep-alive'), (b'Strict-Transport-Security', b'max-age=31536000; includeSubDomains; preload'), (b'Access-Control-Allow-Origin', b'*'), (b'Access-Control-Allow-Methods', b'GET, POST, OPTIONS'), (b'Access-Control-Expose-Headers', b'Content-Length,Content-Type,Date,Server,Connection')])
2025-06-02 16:15:37,186 [INFO] HTTP Request: POST https://api.telegram.org/bot7703986827:AAH49SDMtJfU-XmgtsqdjkxXNUgbFSMctyQ/getMe "HTTP/1.1 200 OK"
2025-06-02 16:15:37,187 [DEBUG] receive_response_body.started request=<Request [b'POST']>
2025-06-02 16:15:37,187 [DEBUG] receive_response_body.complete
2025-06-02 16:15:37,187 [DEBUG] response_closed.started
2025-06-02 16:15:37,187 [DEBUG] response_closed.complete
2025-06-02 16:15:37,187 [DEBUG] Call to Bot API endpoint `getMe` finished with return value `{'id': 7703986827, 'is_bot': True, 'first_name': 'push_to_gh', 'username': 'Push_to_GH_Bot', 'can_join_groups': True, 'can_read_all_group_messages': False, 'supports_inline_queries': False, 'can_connect_to_business': False, 'has_main_web_app': False}`
2025-06-02 16:15:37,187 [DEBUG] This Bot is already initialized.
2025-06-02 16:15:37,187 [INFO] Application started
2025-06-02 16:15:37,187 [DEBUG] Updater started (polling)
2025-06-02 16:15:37,187 [DEBUG] Start network loop retry bootstrap del webhook
2025-06-02 16:15:37,188 [DEBUG] Deleting webhook
2025-06-02 16:15:37,188 [DEBUG] Calling Bot API endpoint `deleteWebhook` with parameters `{}`
2025-06-02 16:15:37,188 [DEBUG] send_request_headers.started request=<Request [b'POST']>
2025-06-02 16:15:37,188 [DEBUG] send_request_headers.complete
2025-06-02 16:15:37,188 [DEBUG] send_request_body.started request=<Request [b'POST']>
2025-06-02 16:15:37,188 [DEBUG] send_request_body.complete
2025-06-02 16:15:37,188 [DEBUG] receive_response_headers.started request=<Request [b'POST']>
2025-06-02 16:15:37,234 [DEBUG] receive_response_headers.complete return_value=(b'HTTP/1.1', 200, b'OK', [(b'Server', b'nginx/1.18.0'), (b'Date', b'Mon, 02 Jun 2025 14:15:36 GMT'), (b'Content-Type', b'application/json'), (b'Content-Length', b'68'), (b'Connection', b'keep-alive'), (b'Strict-Transport-Security', b'max-age=31536000; includeSubDomains; preload'), (b'Access-Control-Allow-Origin', b'*'), (b'Access-Control-Allow-Methods', b'GET, POST, OPTIONS'), (b'Access-Control-Expose-Headers', b'Content-Length,Content-Type,Date,Server,Connection')])
2025-06-02 16:15:37,234 [INFO] HTTP Request: POST https://api.telegram.org/bot7703986827:AAH49SDMtJfU-XmgtsqdjkxXNUgbFSMctyQ/deleteWebhook "HTTP/1.1 200 OK"
2025-06-02 16:15:37,234 [DEBUG] receive_response_body.started request=<Request [b'POST']>
2025-06-02 16:15:37,234 [DEBUG] receive_response_body.complete
2025-06-02 16:15:37,234 [DEBUG] response_closed.started
2025-06-02 16:15:37,235 [DEBUG] response_closed.complete
2025-06-02 16:15:37,235 [DEBUG] Call to Bot API endpoint `deleteWebhook` finished with return value `True`
2025-06-02 16:15:37,235 [DEBUG] Bootstrap done
2025-06-02 16:15:37,235 [DEBUG] Waiting for polling to start
2025-06-02 16:15:37,235 [DEBUG] Polling updates from Telegram started
2025-06-02 16:15:37,235 [DEBUG] Start network loop retry getting Updates
2025-06-02 16:15:37,236 [DEBUG] Calling Bot API endpoint `getUpdates` with parameters `{'timeout': 10, 'offset': 0}`
2025-06-02 16:15:37,236 [DEBUG] connect_tcp.started host='api.telegram.org' port=443 local_address=None timeout=5.0 socket_options=None
2025-06-02 16:15:37,285 [DEBUG] connect_tcp.complete return_value=<httpcore._backends.anyio.AnyIOStream object at 0x0000025E63142840>
2025-06-02 16:15:37,285 [DEBUG] start_tls.started ssl_context=<ssl.SSLContext object at 0x0000025E630D5CD0> server_hostname='api.telegram.org' timeout=5.0
2025-06-02 16:15:37,337 [DEBUG] start_tls.complete return_value=<httpcore._backends.anyio.AnyIOStream object at 0x0000025E631439B0>
2025-06-02 16:15:37,337 [DEBUG] send_request_headers.started request=<Request [b'POST']>
2025-06-02 16:15:37,337 [DEBUG] send_request_headers.complete
2025-06-02 16:15:37,337 [DEBUG] send_request_body.started request=<Request [b'POST']>
2025-06-02 16:15:37,338 [DEBUG] send_request_body.complete
2025-06-02 16:15:37,338 [DEBUG] receive_response_headers.started request=<Request [b'POST']>
2025-06-02 16:15:37,386 [DEBUG] receive_response_headers.complete return_value=(b'HTTP/1.1', 200, b'OK', [(b'Server', b'nginx/1.18.0'), (b'Date', b'Mon, 02 Jun 2025 14:15:36 GMT'), (b'Content-Type', b'application/json'), (b'Content-Length', b'1378'), (b'Connection', b'keep-alive'), (b'Strict-Transport-Security', b'max-age=31536000; includeSubDomains; preload'), (b'Access-Control-Allow-Origin', b'*'), (b'Access-Control-Allow-Methods', b'GET, POST, OPTIONS'), (b'Access-Control-Expose-Headers', b'Content-Length,Content-Type,Date,Server,Connection')])
2025-06-02 16:15:37,387 [INFO] HTTP Request: POST https://api.telegram.org/bot7703986827:AAH49SDMtJfU-XmgtsqdjkxXNUgbFSMctyQ/getUpdates "HTTP/1.1 200 OK"
2025-06-02 16:15:37,387 [DEBUG] receive_response_body.started request=<Request [b'POST']>
2025-06-02 16:15:37,387 [DEBUG] receive_response_body.complete
2025-06-02 16:15:37,388 [DEBUG] response_closed.started
2025-06-02 16:15:37,388 [DEBUG] response_closed.complete
2025-06-02 16:15:37,388 [DEBUG] Call to Bot API endpoint `getUpdates` finished with return value `[{'update_id': 721425415, 'callback_query': {'id': '5413346756835881637', 'from': {'id': 1260393009, 'is_bot': False, 'first_name': 'Stefano', 'username': 'mothjoseph', 'language_code': 'en'}, 'message': {'message_id': 68, 'from': {'id': 7703986827, 'is_bot': True, 'first_name': 'push_to_gh', 'username': 'Push_to_GH_Bot'}, 'chat': {'id': 1260393009, 'first_name': 'Stefano', 'username': 'mothjoseph', 'type': 'private'}, 'date': 1748873628, 'photo': [{'file_id': 'AgACAgQAAxkDAANEaD2xnH1oXLKJYD0Q56sKG-fiJUAAAs3JMRtRKelRfAxQe-pv8ZoBAAMCAANzAAM2BA', 'file_unique_id': 'AQADzckxG1Ep6VF4', 'file_size': 2121, 'width': 90, 'height': 90}, {'file_id': 'AgACAgQAAxkDAANEaD2xnH1oXLKJYD0Q56sKG-fiJUAAAs3JMRtRKelRfAxQe-pv8ZoBAAMCAANtAAM2BA', 'file_unique_id': 'AQADzckxG1Ep6VFy', 'file_size': 25655, 'width': 320, 'height': 320}, {'file_id': 'AgACAgQAAxkDAANEaD2xnH1oXLKJYD0Q56sKG-fiJUAAAs3JMRtRKelRfAxQe-pv8ZoBAAMCAAN4AAM2BA', 'file_unique_id': 'AQADzckxG1Ep6VF9', 'file_size': 48076, 'width': 500, 'height': 500}], 'caption': '✅ Immagine caricata da Stefano', 'reply_markup': {'inline_keyboard': [[{'text': '📡 CDN', 'url': 'https://cdn.jsdelivr.net/gh/astonef/fstfd-cdn@core/images/20250602_161346.jpg'}], [{'text': '📋 Copia link', 'callback_data': 'copy::20250602_161346'}], [{'text': '🗑️ Elimina messaggio', 'callback_data': 'delete_msg'}]]}}, 'chat_instance': '438506862199288667', 'data': 'delete_msg'}}]`
2025-06-02 16:15:37,388 [DEBUG] Getting updates: [721425415]
2025-06-02 16:15:37,389 [DEBUG] Processing update Update(callback_query=CallbackQuery(chat_instance='438506862199288667', data='delete_msg', from_user=User(first_name='Stefano', id=1260393009, is_bot=False, language_code='en', username='mothjoseph'), id='5413346756835881637', message=Message(caption='✅ Immagine caricata da Stefano', channel_chat_created=False, chat=Chat(first_name='Stefano', id=1260393009, type=<ChatType.PRIVATE>, username='mothjoseph'), date=datetime.datetime(2025, 6, 2, 14, 13, 48, tzinfo=<UTC>), delete_chat_photo=False, from_user=User(first_name='push_to_gh', id=7703986827, is_bot=True, username='Push_to_GH_Bot'), group_chat_created=False, message_id=68, photo=(PhotoSize(file_id='AgACAgQAAxkDAANEaD2xnH1oXLKJYD0Q56sKG-fiJUAAAs3JMRtRKelRfAxQe-pv8ZoBAAMCAANzAAM2BA', file_size=2121, file_unique_id='AQADzckxG1Ep6VF4', height=90, width=90), PhotoSize(file_id='AgACAgQAAxkDAANEaD2xnH1oXLKJYD0Q56sKG-fiJUAAAs3JMRtRKelRfAxQe-pv8ZoBAAMCAANtAAM2BA', file_size=25655, file_unique_id='AQADzckxG1Ep6VFy', height=320, width=320), PhotoSize(file_id='AgACAgQAAxkDAANEaD2xnH1oXLKJYD0Q56sKG-fiJUAAAs3JMRtRKelRfAxQe-pv8ZoBAAMCAAN4AAM2BA', file_size=48076, file_unique_id='AQADzckxG1Ep6VF9', height=500, width=500)), reply_markup=InlineKeyboardMarkup(inline_keyboard=((InlineKeyboardButton(text='📡 CDN', url='https://cdn.jsdelivr.net/gh/astonef/fstfd-cdn@core/images/20250602_161346.jpg'),), (InlineKeyboardButton(callback_data='copy::20250602_161346', text='📋 Copia link'),), (InlineKeyboardButton(callback_data='delete_msg', text='🗑️ Elimina messaggio'),))), supergroup_chat_created=False)), update_id=721425415)
2025-06-02 16:15:37,391 [DEBUG] Calling Bot API endpoint `deleteMessage` with parameters `{'chat_id': 1260393009, 'message_id': 68}`
2025-06-02 16:15:37,392 [DEBUG] send_request_headers.started request=<Request [b'POST']>
2025-06-02 16:15:37,392 [DEBUG] Calling Bot API endpoint `getUpdates` with parameters `{'timeout': 10, 'offset': 721425416}`
2025-06-02 16:15:37,393 [DEBUG] send_request_headers.complete
2025-06-02 16:15:37,394 [DEBUG] send_request_body.started request=<Request [b'POST']>
2025-06-02 16:15:37,394 [DEBUG] send_request_body.complete
2025-06-02 16:15:37,394 [DEBUG] receive_response_headers.started request=<Request [b'POST']>
2025-06-02 16:15:37,394 [DEBUG] send_request_headers.started request=<Request [b'POST']>
2025-06-02 16:15:37,395 [DEBUG] send_request_headers.complete
2025-06-02 16:15:37,395 [DEBUG] send_request_body.started request=<Request [b'POST']>
2025-06-02 16:15:37,395 [DEBUG] send_request_body.complete
2025-06-02 16:15:37,395 [DEBUG] receive_response_headers.started request=<Request [b'POST']>
2025-06-02 16:15:37,445 [DEBUG] receive_response_headers.complete return_value=(b'HTTP/1.1', 200, b'OK', [(b'Server', b'nginx/1.18.0'), (b'Date', b'Mon, 02 Jun 2025 14:15:36 GMT'), (b'Content-Type', b'application/json'), (b'Content-Length', b'25'), (b'Connection', b'keep-alive'), (b'Strict-Transport-Security', b'max-age=31536000; includeSubDomains; preload'), (b'Access-Control-Allow-Origin', b'*'), (b'Access-Control-Allow-Methods', b'GET, POST, OPTIONS'), (b'Access-Control-Expose-Headers', b'Content-Length,Content-Type,Date,Server,Connection')])
2025-06-02 16:15:37,446 [INFO] HTTP Request: POST https://api.telegram.org/bot7703986827:AAH49SDMtJfU-XmgtsqdjkxXNUgbFSMctyQ/deleteMessage "HTTP/1.1 200 OK"
2025-06-02 16:15:37,446 [DEBUG] receive_response_body.started request=<Request [b'POST']>
2025-06-02 16:15:37,447 [DEBUG] receive_response_body.complete
2025-06-02 16:15:37,447 [DEBUG] response_closed.started
2025-06-02 16:15:37,447 [DEBUG] response_closed.complete
2025-06-02 16:15:37,447 [DEBUG] Call to Bot API endpoint `deleteMessage` finished with return value `True`
2025-06-02 16:15:37,447 [DEBUG] 🧽 Messaggio eliminato via bottone
2025-06-02 16:15:37,447 [DEBUG] Calling Bot API endpoint `answerCallbackQuery` with parameters `{'callback_query_id': '5413346756835881637'}`
2025-06-02 16:15:37,448 [DEBUG] send_request_headers.started request=<Request [b'POST']>
2025-06-02 16:15:37,448 [DEBUG] send_request_headers.complete
2025-06-02 16:15:37,448 [DEBUG] send_request_body.started request=<Request [b'POST']>
2025-06-02 16:15:37,448 [DEBUG] send_request_body.complete
2025-06-02 16:15:37,449 [DEBUG] receive_response_headers.started request=<Request [b'POST']>
2025-06-02 16:15:37,499 [DEBUG] receive_response_headers.complete return_value=(b'HTTP/1.1', 400, b'Bad Request', [(b'Server', b'nginx/1.18.0'), (b'Date', b'Mon, 02 Jun 2025 14:15:36 GMT'), (b'Content-Type', b'application/json'), (b'Content-Length', b'127'), (b'Connection', b'keep-alive'), (b'Strict-Transport-Security', b'max-age=31536000; includeSubDomains; preload'), (b'Access-Control-Allow-Origin', b'*'), (b'Access-Control-Expose-Headers', b'Content-Length,Content-Type,Date,Server,Connection')])
2025-06-02 16:15:37,499 [INFO] HTTP Request: POST https://api.telegram.org/bot7703986827:AAH49SDMtJfU-XmgtsqdjkxXNUgbFSMctyQ/answerCallbackQuery "HTTP/1.1 400 Bad Request"
2025-06-02 16:15:37,499 [DEBUG] receive_response_body.started request=<Request [b'POST']>
2025-06-02 16:15:37,499 [DEBUG] receive_response_body.complete
2025-06-02 16:15:37,499 [DEBUG] response_closed.started
2025-06-02 16:15:37,499 [DEBUG] response_closed.complete
2025-06-02 16:15:37,499 [ERROR] No error handlers are registered, logging exception.
Traceback (most recent call last):
  File "C:\Python312\Lib\site-packages\telegram\ext\_application.py", line 1319, in process_update
    await coroutine
  File "C:\Python312\Lib\site-packages\telegram\ext\_handlers\basehandler.py", line 158, in handle_update
    return await self.callback(update, context)
           ^^^^^^^^^^^^^^^^^^^^^^^^^^^^^^^^^^^^
  File "c:\Users\Stefano\OneDrive\Desktop\HERE\2024\IT\Scripts\APIs\cdn-telegram\bot_push_to_gh.py", line 133, in handle_delete_callback
    await update.callback_query.answer()
  File "C:\Python312\Lib\site-packages\telegram\_callbackquery.py", line 190, in answer
    return await self.get_bot().answer_callback_query(
           ^^^^^^^^^^^^^^^^^^^^^^^^^^^^^^^^^^^^^^^^^^^
  File "C:\Python312\Lib\site-packages\telegram\ext\_extbot.py", line 935, in answer_callback_query
    return await super().answer_callback_query(
           ^^^^^^^^^^^^^^^^^^^^^^^^^^^^^^^^^^^^
  File "C:\Python312\Lib\site-packages\telegram\_bot.py", line 3998, in answer_callback_query
    return await self._post(
           ^^^^^^^^^^^^^^^^^
  File "C:\Python312\Lib\site-packages\telegram\_bot.py", line 617, in _post
    return await self._do_post(
           ^^^^^^^^^^^^^^^^^^^^
  File "C:\Python312\Lib\site-packages\telegram\ext\_extbot.py", line 351, in _do_post
    return await super()._do_post(
           ^^^^^^^^^^^^^^^^^^^^^^^
  File "C:\Python312\Lib\site-packages\telegram\_bot.py", line 646, in _do_post
    result = await request.post(
             ^^^^^^^^^^^^^^^^^^^
  File "C:\Python312\Lib\site-packages\telegram\request\_baserequest.py", line 202, in post
    result = await self._request_wrapper(
             ^^^^^^^^^^^^^^^^^^^^^^^^^^^^
  File "C:\Python312\Lib\site-packages\telegram\request\_baserequest.py", line 383, in _request_wrapper
    raise BadRequest(message)
telegram.error.BadRequest: Query is too old and response timeout expired or query id is invalid
2025-06-02 16:15:47,446 [DEBUG] receive_response_headers.complete return_value=(b'HTTP/1.1', 200, b'OK', [(b'Server', b'nginx/1.18.0'), (b'Date', b'Mon, 02 Jun 2025 14:15:46 GMT'), (b'Content-Type', b'application/json'), (b'Content-Length', b'23'), (b'Connection', b'keep-alive'), (b'Strict-Transport-Security', b'max-age=31536000; includeSubDomains; preload'), (b'Access-Control-Allow-Origin', b'*'), (b'Access-Control-Allow-Methods', b'GET, POST, OPTIONS'), (b'Access-Control-Expose-Headers', b'Content-Length,Content-Type,Date,Server,Connection')])
2025-06-02 16:15:47,446 [INFO] HTTP Request: POST https://api.telegram.org/bot7703986827:AAH49SDMtJfU-XmgtsqdjkxXNUgbFSMctyQ/getUpdates "HTTP/1.1 200 OK"
2025-06-02 16:15:47,446 [DEBUG] receive_response_body.started request=<Request [b'POST']>
2025-06-02 16:15:47,446 [DEBUG] receive_response_body.complete
2025-06-02 16:15:47,446 [DEBUG] response_closed.started
2025-06-02 16:15:47,446 [DEBUG] response_closed.complete
2025-06-02 16:15:47,446 [DEBUG] Call to Bot API endpoint `getUpdates` finished with return value `[]`
2025-06-02 16:15:47,446 [DEBUG] No new updates found.
2025-06-02 16:15:47,447 [DEBUG] Calling Bot API endpoint `getUpdates` with parameters `{'timeout': 10, 'offset': 721425416}`
2025-06-02 16:15:47,447 [DEBUG] send_request_headers.started request=<Request [b'POST']>
2025-06-02 16:15:47,447 [DEBUG] send_request_headers.complete
2025-06-02 16:15:47,447 [DEBUG] send_request_body.started request=<Request [b'POST']>
2025-06-02 16:15:47,447 [DEBUG] send_request_body.complete
2025-06-02 16:15:47,447 [DEBUG] receive_response_headers.started request=<Request [b'POST']>
2025-06-02 16:15:48,339 [DEBUG] receive_response_headers.complete return_value=(b'HTTP/1.1', 200, b'OK', [(b'Server', b'nginx/1.18.0'), (b'Date', b'Mon, 02 Jun 2025 14:15:47 GMT'), (b'Content-Type', b'application/json'), (b'Content-Length', b'1005'), (b'Connection', b'keep-alive'), (b'Strict-Transport-Security', b'max-age=31536000; includeSubDomains; preload'), (b'Access-Control-Allow-Origin', b'*'), (b'Access-Control-Allow-Methods', b'GET, POST, OPTIONS'), (b'Access-Control-Expose-Headers', b'Content-Length,Content-Type,Date,Server,Connection')])
2025-06-02 16:15:48,339 [INFO] HTTP Request: POST https://api.telegram.org/bot7703986827:AAH49SDMtJfU-XmgtsqdjkxXNUgbFSMctyQ/getUpdates "HTTP/1.1 200 OK"
2025-06-02 16:15:48,340 [DEBUG] receive_response_body.started request=<Request [b'POST']>
2025-06-02 16:15:48,340 [DEBUG] receive_response_body.complete
2025-06-02 16:15:48,340 [DEBUG] response_closed.started
2025-06-02 16:15:48,340 [DEBUG] response_closed.complete
2025-06-02 16:15:48,340 [DEBUG] Call to Bot API endpoint `getUpdates` finished with return value `[{'update_id': 721425416, 'message': {'message_id': 70, 'from': {'id': 1260393009, 'is_bot': False, 'first_name': 'Stefano', 'username': 'mothjoseph', 'language_code': 'en'}, 'chat': {'id': 1260393009, 'first_name': 'Stefano', 'username': 'mothjoseph', 'type': 'private'}, 'date': 1748873747, 'photo': [{'file_id': 'AgACAgQAAxkBAANGaD2yE7H1s2zw701ci-xvLmrb9osAAs7JMRtRKelRvU9HnGFHl60BAAMCAANzAAM2BA', 'file_unique_id': 'AQADzskxG1Ep6VF4', 'file_size': 1251, 'width': 81, 'height': 90}, {'file_id': 'AgACAgQAAxkBAANGaD2yE7H1s2zw701ci-xvLmrb9osAAs7JMRtRKelRvU9HnGFHl60BAAMCAANtAAM2BA', 'file_unique_id': 'AQADzskxG1Ep6VFy', 'file_size': 24419, 'width': 287, 'height': 320}, {'file_id': 'AgACAgQAAxkBAANGaD2yE7H1s2zw701ci-xvLmrb9osAAs7JMRtRKelRvU9HnGFHl60BAAMCAAN4AAM2BA', 'file_unique_id': 'AQADzskxG1Ep6VF9', 'file_size': 141455, 'width': 718, 'height': 800}, {'file_id': 'AgACAgQAAxkBAANGaD2yE7H1s2zw701ci-xvLmrb9osAAs7JMRtRKelRvU9HnGFHl60BAAMCAAN5AAM2BA', 'file_unique_id': 'AQADzskxG1Ep6VF-', 'file_size': 297961, 'width': 1149, 'height': 1280}]}}]`
2025-06-02 16:15:48,340 [DEBUG] Getting updates: [721425416]
2025-06-02 16:15:48,341 [DEBUG] Processing update Update(message=Message(channel_chat_created=False, chat=Chat(first_name='Stefano', id=1260393009, type=<ChatType.PRIVATE>, username='mothjoseph'), date=datetime.datetime(2025, 6, 2, 14, 15, 47, tzinfo=<UTC>), delete_chat_photo=False, from_user=User(first_name='Stefano', id=1260393009, is_bot=False, language_code='en', username='mothjoseph'), group_chat_created=False, message_id=70, photo=(PhotoSize(file_id='AgACAgQAAxkBAANGaD2yE7H1s2zw701ci-xvLmrb9osAAs7JMRtRKelRvU9HnGFHl60BAAMCAANzAAM2BA', file_size=1251, file_unique_id='AQADzskxG1Ep6VF4', height=90, width=81), PhotoSize(file_id='AgACAgQAAxkBAANGaD2yE7H1s2zw701ci-xvLmrb9osAAs7JMRtRKelRvU9HnGFHl60BAAMCAANtAAM2BA', file_size=24419, file_unique_id='AQADzskxG1Ep6VFy', height=320, width=287), PhotoSize(file_id='AgACAgQAAxkBAANGaD2yE7H1s2zw701ci-xvLmrb9osAAs7JMRtRKelRvU9HnGFHl60BAAMCAAN4AAM2BA', file_size=141455, file_unique_id='AQADzskxG1Ep6VF9', height=800, width=718), PhotoSize(file_id='AgACAgQAAxkBAANGaD2yE7H1s2zw701ci-xvLmrb9osAAs7JMRtRKelRvU9HnGFHl60BAAMCAAN5AAM2BA', file_size=297961, file_unique_id='AQADzskxG1Ep6VF-', height=1280, width=1149)), supergroup_chat_created=False), update_id=721425416)
2025-06-02 16:15:48,341 [DEBUG] 📨 Messaggio ricevuto
2025-06-02 16:15:48,341 [DEBUG] Calling Bot API endpoint `getFile` with parameters `{'file_id': 'AgACAgQAAxkBAANGaD2yE7H1s2zw701ci-xvLmrb9osAAs7JMRtRKelRvU9HnGFHl60BAAMCAAN5AAM2BA'}`
2025-06-02 16:15:48,342 [DEBUG] close.started
2025-06-02 16:15:48,342 [DEBUG] close.complete
2025-06-02 16:15:48,342 [DEBUG] connect_tcp.started host='api.telegram.org' port=443 local_address=None timeout=5.0 socket_options=None
2025-06-02 16:15:48,343 [DEBUG] Calling Bot API endpoint `getUpdates` with parameters `{'timeout': 10, 'offset': 721425417}`
2025-06-02 16:15:48,344 [DEBUG] send_request_headers.started request=<Request [b'POST']>
2025-06-02 16:15:48,344 [DEBUG] send_request_headers.complete
2025-06-02 16:15:48,344 [DEBUG] send_request_body.started request=<Request [b'POST']>
2025-06-02 16:15:48,345 [DEBUG] send_request_body.complete
2025-06-02 16:15:48,345 [DEBUG] receive_response_headers.started request=<Request [b'POST']>
2025-06-02 16:15:48,394 [DEBUG] connect_tcp.complete return_value=<httpcore._backends.anyio.AnyIOStream object at 0x0000025E631768D0>
2025-06-02 16:15:48,394 [DEBUG] start_tls.started ssl_context=<ssl.SSLContext object at 0x0000025E630D5C50> server_hostname='api.telegram.org' timeout=5.0
2025-06-02 16:15:48,454 [DEBUG] start_tls.complete return_value=<httpcore._backends.anyio.AnyIOStream object at 0x0000025E631767B0>
2025-06-02 16:15:48,455 [DEBUG] send_request_headers.started request=<Request [b'POST']>
2025-06-02 16:15:48,455 [DEBUG] send_request_headers.complete
2025-06-02 16:15:48,455 [DEBUG] send_request_body.started request=<Request [b'POST']>
2025-06-02 16:15:48,456 [DEBUG] send_request_body.complete
2025-06-02 16:15:48,456 [DEBUG] receive_response_headers.started request=<Request [b'POST']>
2025-06-02 16:15:48,540 [DEBUG] receive_response_headers.complete return_value=(b'HTTP/1.1', 200, b'OK', [(b'Server', b'nginx/1.18.0'), (b'Date', b'Mon, 02 Jun 2025 14:15:47 GMT'), (b'Content-Type', b'application/json'), (b'Content-Length', b'205'), (b'Connection', b'keep-alive'), (b'Strict-Transport-Security', b'max-age=31536000; includeSubDomains; preload'), (b'Access-Control-Allow-Origin', b'*'), (b'Access-Control-Allow-Methods', b'GET, POST, OPTIONS'), (b'Access-Control-Expose-Headers', b'Content-Length,Content-Type,Date,Server,Connection')])
2025-06-02 16:15:48,541 [INFO] HTTP Request: POST https://api.telegram.org/bot7703986827:AAH49SDMtJfU-XmgtsqdjkxXNUgbFSMctyQ/getFile "HTTP/1.1 200 OK"
2025-06-02 16:15:48,541 [DEBUG] receive_response_body.started request=<Request [b'POST']>
2025-06-02 16:15:48,541 [DEBUG] receive_response_body.complete
2025-06-02 16:15:48,541 [DEBUG] response_closed.started
2025-06-02 16:15:48,541 [DEBUG] response_closed.complete
2025-06-02 16:15:48,541 [DEBUG] Call to Bot API endpoint `getFile` finished with return value `{'file_id': 'AgACAgQAAxkBAANGaD2yE7H1s2zw701ci-xvLmrb9osAAs7JMRtRKelRvU9HnGFHl60BAAMCAAN5AAM2BA', 'file_unique_id': 'AQADzskxG1Ep6VF-', 'file_size': 297961, 'file_path': 'photos/file_18.jpg'}`
2025-06-02 16:15:48,542 [DEBUG] 📁 filename: 20250602_161548.jpg
2025-06-02 16:15:48,542 [DEBUG] 📍 filepath: c:\Users\Stefano\OneDrive\Desktop\HERE\2024\IT\Scripts\APIs\cdn-telegram\20250602_161548.jpg
2025-06-02 16:15:48,542 [DEBUG] 🔍 file: File(file_id='AgACAgQAAxkBAANGaD2yE7H1s2zw701ci-xvLmrb9osAAs7JMRtRKelRvU9HnGFHl60BAAMCAAN5AAM2BA', file_path='https://api.telegram.org/file/bot7703986827:AAH49SDMtJfU-XmgtsqdjkxXNUgbFSMctyQ/photos/file_18.jpg', file_size=297961, file_unique_id='AQADzskxG1Ep6VF-')
2025-06-02 16:15:48,542 [DEBUG] 🌐 file.file_path: https://api.telegram.org/file/bot7703986827:AAH49SDMtJfU-XmgtsqdjkxXNUgbFSMctyQ/photos/file_18.jpg
2025-06-02 16:15:48,542 [DEBUG] send_request_headers.started request=<Request [b'GET']>
2025-06-02 16:15:48,542 [DEBUG] send_request_headers.complete
2025-06-02 16:15:48,542 [DEBUG] send_request_body.started request=<Request [b'GET']>
2025-06-02 16:15:48,542 [DEBUG] send_request_body.complete
2025-06-02 16:15:48,542 [DEBUG] receive_response_headers.started request=<Request [b'GET']>
2025-06-02 16:15:48,790 [DEBUG] receive_response_headers.complete return_value=(b'HTTP/1.1', 200, b'OK', [(b'Server', b'nginx/1.18.0'), (b'Date', b'Mon, 02 Jun 2025 14:15:47 GMT'), (b'Content-Length', b'297961'), (b'Connection', b'keep-alive'), (b'Last-Modified', b'Mon, 02 Jun 2025 14:15:47 GMT'), (b'ETag', b'"683db213-48be9"'), (b'Accept-Ranges', b'bytes'), (b'Content-Disposition', b'attachment'), (b'Content-Type', b'application/octet-stream')])
2025-06-02 16:15:48,790 [INFO] HTTP Request: GET https://api.telegram.org/file/bot7703986827%3AAAH49SDMtJfU-XmgtsqdjkxXNUgbFSMctyQ/photos/file_18.jpg "HTTP/1.1 200 OK"
2025-06-02 16:15:48,790 [DEBUG] receive_response_body.started request=<Request [b'GET']>
2025-06-02 16:15:48,905 [DEBUG] receive_response_body.complete
2025-06-02 16:15:48,905 [DEBUG] response_closed.started
2025-06-02 16:15:48,905 [DEBUG] response_closed.complete
2025-06-02 16:15:48,906 [DEBUG] ✅ Download completato
2025-06-02 16:15:48,906 [DEBUG] Uploading c:\Users\Stefano\OneDrive\Desktop\HERE\2024\IT\Scripts\APIs\cdn-telegram\20250602_161548.jpg to images/20250602_161548.jpg in repo astonef/fstfd-cdn on branch core
2025-06-02 16:15:48,906 [DEBUG] GitHub API URL: https://api.github.com/repos/astonef/fstfd-cdn/contents/images/20250602_161548.jpg
2025-06-02 16:15:48,908 [DEBUG] Encoded content length: 397284
2025-06-02 16:15:48,908 [DEBUG] Checking if file already exists...
2025-06-02 16:15:48,911 [DEBUG] Starting new HTTPS connection (1): api.github.com:443
2025-06-02 16:15:49,559 [DEBUG] https://api.github.com:443 "GET /repos/astonef/fstfd-cdn/contents/images/20250602_161548.jpg?ref=core HTTP/1.1" 404 None
2025-06-02 16:15:49,559 [DEBUG] GET status code: 404
2025-06-02 16:15:49,559 [DEBUG] File does not exist or error occurred.
2025-06-02 16:15:49,559 [DEBUG] PUT data payload: dict_keys(['message', 'content', 'branch'])
2025-06-02 16:15:49,561 [DEBUG] Starting new HTTPS connection (1): api.github.com:443
2025-06-02 16:15:51,692 [DEBUG] https://api.github.com:443 "PUT /repos/astonef/fstfd-cdn/contents/images/20250602_161548.jpg HTTP/1.1" 201 2001
2025-06-02 16:15:51,694 [DEBUG] PUT status: 201
2025-06-02 16:15:51,694 [DEBUG] PUT response: {'content': {'name': '20250602_161548.jpg', 'path': 'images/20250602_161548.jpg', 'sha': '922024558df4b56f26909fca16057ce134406103', 'size': 297961, 'url': 'https://api.github.com/repos/astonef/fstfd-cdn/contents/images/20250602_161548.jpg?ref=core', 'html_url': 'https://github.com/astonef/fstfd-cdn/blob/core/images/20250602_161548.jpg', 'git_url': 'https://api.github.com/repos/astonef/fstfd-cdn/git/blobs/922024558df4b56f26909fca16057ce134406103', 'download_url': 'https://raw.githubusercontent.com/astonef/fstfd-cdn/core/images/20250602_161548.jpg', 'type': 'file', '_links': {'self': 'https://api.github.com/repos/astonef/fstfd-cdn/contents/images/20250602_161548.jpg?ref=core', 'git': 'https://api.github.com/repos/astonef/fstfd-cdn/git/blobs/922024558df4b56f26909fca16057ce134406103', 'html': 'https://github.com/astonef/fstfd-cdn/blob/core/images/20250602_161548.jpg'}}, 'commit': {'sha': 'caefeabf600054150015244aa65a52c039b03bb7', 'node_id': 'C_kwDOOwxD0doAKGNhZWZlYWJmNjAwMDU0MTUwMDE1MjQ0YWE2NWE1MmMwMzliMDNiYjc', 'url': 'https://api.github.com/repos/astonef/fstfd-cdn/git/commits/caefeabf600054150015244aa65a52c039b03bb7', 'html_url': 'https://github.com/astonef/fstfd-cdn/commit/caefeabf600054150015244aa65a52c039b03bb7', 'author': {'name': 'SGM', 'email': '87166263+astonef@users.noreply.github.com', 'date': '2025-06-02T14:15:49Z'}, 'committer': {'name': 'SGM', 'email': '87166263+astonef@users.noreply.github.com', 'date': '2025-06-02T14:15:49Z'}, 'tree': {'sha': 'd781fd32ce38f090e5b959af6a826071a2b84f14', 'url': 'https://api.github.com/repos/astonef/fstfd-cdn/git/trees/d781fd32ce38f090e5b959af6a826071a2b84f14'}, 'message': 'upload images/20250602_161548.jpg', 'parents': [{'sha': '5b785fb08676f516c6e831a92727e14e741f659b', 'url': 'https://api.github.com/repos/astonef/fstfd-cdn/git/commits/5b785fb08676f516c6e831a92727e14e741f659b', 'html_url': 'https://github.com/astonef/fstfd-cdn/commit/5b785fb08676f516c6e831a92727e14e741f659b'}], 'verification': {'verified': False, 'reason': 'unsigned', 'signature': None, 'payload': None, 'verified_at': None}}}
2025-06-02 16:15:51,695 [INFO] ✅ Upload riuscito: 20250602_161548.jpg
2025-06-02 16:15:51,696 [DEBUG] Calling Bot API endpoint `deleteMessage` with parameters `{'chat_id': 1260393009, 'message_id': 70}`
2025-06-02 16:15:51,696 [DEBUG] send_request_headers.started request=<Request [b'POST']>
2025-06-02 16:15:51,697 [DEBUG] send_request_headers.complete
2025-06-02 16:15:51,697 [DEBUG] send_request_body.started request=<Request [b'POST']>
2025-06-02 16:15:51,697 [DEBUG] send_request_body.complete
2025-06-02 16:15:51,697 [DEBUG] receive_response_headers.started request=<Request [b'POST']>
2025-06-02 16:15:51,776 [DEBUG] receive_response_headers.complete return_value=(b'HTTP/1.1', 200, b'OK', [(b'Server', b'nginx/1.18.0'), (b'Date', b'Mon, 02 Jun 2025 14:15:50 GMT'), (b'Content-Type', b'application/json'), (b'Content-Length', b'25'), (b'Connection', b'keep-alive'), (b'Strict-Transport-Security', b'max-age=31536000; includeSubDomains; preload'), (b'Access-Control-Allow-Origin', b'*'), (b'Access-Control-Allow-Methods', b'GET, POST, OPTIONS'), (b'Access-Control-Expose-Headers', b'Content-Length,Content-Type,Date,Server,Connection')])
2025-06-02 16:15:51,776 [INFO] HTTP Request: POST https://api.telegram.org/bot7703986827:AAH49SDMtJfU-XmgtsqdjkxXNUgbFSMctyQ/deleteMessage "HTTP/1.1 200 OK"
2025-06-02 16:15:51,777 [DEBUG] receive_response_body.started request=<Request [b'POST']>
2025-06-02 16:15:51,777 [DEBUG] receive_response_body.complete
2025-06-02 16:15:51,777 [DEBUG] response_closed.started
2025-06-02 16:15:51,777 [DEBUG] response_closed.complete
2025-06-02 16:15:51,777 [DEBUG] Call to Bot API endpoint `deleteMessage` finished with return value `True`
2025-06-02 16:15:51,777 [DEBUG] 🗑️ Messaggio utente cancellato
2025-06-02 16:15:52,824 [DEBUG] Calling Bot API endpoint `sendPhoto` with parameters `{'chat_id': 1260393009, 'photo': <telegram._files.inputfile.InputFile object at 0x0000025E6315AB00>, 'caption': '✅ Immagine caricata da Stefano', 'reply_markup': InlineKeyboardMarkup(inline_keyboard=((InlineKeyboardButton(text='📡 APRI IMMAGINE NEL BROWSER', url='https://cdn.jsdelivr.net/gh/astonef/fstfd-cdn@core/images/20250602_161548.jpg'),), (InlineKeyboardButton(callback_data='copy::20250602_161548', text='📋 OTTIENI IL LINK IN CHAT'),), (InlineKeyboardButton(callback_data='delete_msg', text='🗑️ ELIMINA MESSAGGIO IN CHAT'),)))}`
2025-06-02 16:15:52,825 [DEBUG] send_request_headers.started request=<Request [b'POST']>
2025-06-02 16:15:52,826 [DEBUG] send_request_headers.complete
2025-06-02 16:15:52,826 [DEBUG] send_request_body.started request=<Request [b'POST']>
2025-06-02 16:15:52,917 [DEBUG] send_request_body.complete
2025-06-02 16:15:52,917 [DEBUG] receive_response_headers.started request=<Request [b'POST']>
2025-06-02 16:15:53,616 [DEBUG] receive_response_headers.complete return_value=(b'HTTP/1.1', 200, b'OK', [(b'Server', b'nginx/1.18.0'), (b'Date', b'Mon, 02 Jun 2025 14:15:52 GMT'), (b'Content-Type', b'application/json'), (b'Content-Length', b'1357'), (b'Connection', b'keep-alive'), (b'Strict-Transport-Security', b'max-age=31536000; includeSubDomains; preload'), (b'Access-Control-Allow-Origin', b'*'), (b'Access-Control-Allow-Methods', b'GET, POST, OPTIONS'), (b'Access-Control-Expose-Headers', b'Content-Length,Content-Type,Date,Server,Connection')])
2025-06-02 16:15:53,617 [INFO] HTTP Request: POST https://api.telegram.org/bot7703986827:AAH49SDMtJfU-XmgtsqdjkxXNUgbFSMctyQ/sendPhoto "HTTP/1.1 200 OK"
2025-06-02 16:15:53,617 [DEBUG] receive_response_body.started request=<Request [b'POST']>
2025-06-02 16:15:53,617 [DEBUG] receive_response_body.complete
2025-06-02 16:15:53,617 [DEBUG] response_closed.started
2025-06-02 16:15:53,617 [DEBUG] response_closed.complete
2025-06-02 16:15:53,617 [DEBUG] Call to Bot API endpoint `sendPhoto` finished with return value `{'message_id': 71, 'from': {'id': 7703986827, 'is_bot': True, 'first_name': 'push_to_gh', 'username': 'Push_to_GH_Bot'}, 'chat': {'id': 1260393009, 'first_name': 'Stefano', 'username': 'mothjoseph', 'type': 'private'}, 'date': 1748873752, 'photo': [{'file_id': 'AgACAgQAAxkDAANHaD2yGJX5X7MJhAABZEN87rMWuxTOAALPyTEbUSnpUXSlIKje2wJ7AQADAgADcwADNgQ', 'file_unique_id': 'AQADz8kxG1Ep6VF4', 'file_size': 1253, 'width': 81, 'height': 90}, {'file_id': 'AgACAgQAAxkDAANHaD2yGJX5X7MJhAABZEN87rMWuxTOAALPyTEbUSnpUXSlIKje2wJ7AQADAgADbQADNgQ', 'file_unique_id': 'AQADz8kxG1Ep6VFy', 'file_size': 24430, 'width': 287, 'height': 320}, {'file_id': 'AgACAgQAAxkDAANHaD2yGJX5X7MJhAABZEN87rMWuxTOAALPyTEbUSnpUXSlIKje2wJ7AQADAgADeAADNgQ', 'file_unique_id': 'AQADz8kxG1Ep6VF9', 'file_size': 141268, 'width': 718, 'height': 800}, {'file_id': 'AgACAgQAAxkDAANHaD2yGJX5X7MJhAABZEN87rMWuxTOAALPyTEbUSnpUXSlIKje2wJ7AQADAgADeQADNgQ', 'file_unique_id': 'AQADz8kxG1Ep6VF-', 'file_size': 297961, 'width': 1149, 'height': 1280}], 'caption': '✅ Immagine caricata da Stefano', 'reply_markup': {'inline_keyboard': [[{'text': '📡 APRI IMMAGINE NEL BROWSER', 'url': 'https://cdn.jsdelivr.net/gh/astonef/fstfd-cdn@core/images/20250602_161548.jpg'}], [{'text': '📋 OTTIENI IL LINK IN CHAT', 'callback_data': 'copy::20250602_161548'}], [{'text': '🗑️ ELIMINA MESSAGGIO IN CHAT', 'callback_data': 'delete_msg'}]]}}`
2025-06-02 16:15:53,619 [DEBUG] 🧹 File temporaneo rimosso
2025-06-02 16:15:58,395 [DEBUG] receive_response_headers.complete return_value=(b'HTTP/1.1', 200, b'OK', [(b'Server', b'nginx/1.18.0'), (b'Date', b'Mon, 02 Jun 2025 14:15:57 GMT'), (b'Content-Type', b'application/json'), (b'Content-Length', b'23'), (b'Connection', b'keep-alive'), (b'Strict-Transport-Security', b'max-age=31536000; includeSubDomains; preload'), (b'Access-Control-Allow-Origin', b'*'), (b'Access-Control-Allow-Methods', b'GET, POST, OPTIONS'), (b'Access-Control-Expose-Headers', b'Content-Length,Content-Type,Date,Server,Connection')])
2025-06-02 16:15:58,395 [INFO] HTTP Request: POST https://api.telegram.org/bot7703986827:AAH49SDMtJfU-XmgtsqdjkxXNUgbFSMctyQ/getUpdates "HTTP/1.1 200 OK"
2025-06-02 16:15:58,396 [DEBUG] receive_response_body.started request=<Request [b'POST']>
2025-06-02 16:15:58,396 [DEBUG] receive_response_body.complete
2025-06-02 16:15:58,396 [DEBUG] response_closed.started
2025-06-02 16:15:58,396 [DEBUG] response_closed.complete
2025-06-02 16:15:58,398 [DEBUG] Call to Bot API endpoint `getUpdates` finished with return value `[]`
2025-06-02 16:15:58,398 [DEBUG] No new updates found.
2025-06-02 16:15:58,398 [DEBUG] Calling Bot API endpoint `getUpdates` with parameters `{'timeout': 10, 'offset': 721425417}`
2025-06-02 16:15:58,398 [DEBUG] send_request_headers.started request=<Request [b'POST']>
2025-06-02 16:15:58,398 [DEBUG] send_request_headers.complete
2025-06-02 16:15:58,398 [DEBUG] send_request_body.started request=<Request [b'POST']>
2025-06-02 16:15:58,399 [DEBUG] send_request_body.complete
2025-06-02 16:15:58,399 [DEBUG] receive_response_headers.started request=<Request [b'POST']>
2025-06-02 16:16:08,448 [DEBUG] receive_response_headers.complete return_value=(b'HTTP/1.1', 200, b'OK', [(b'Server', b'nginx/1.18.0'), (b'Date', b'Mon, 02 Jun 2025 14:16:07 GMT'), (b'Content-Type', b'application/json'), (b'Content-Length', b'23'), (b'Connection', b'keep-alive'), (b'Strict-Transport-Security', b'max-age=31536000; includeSubDomains; preload'), (b'Access-Control-Allow-Origin', b'*'), (b'Access-Control-Allow-Methods', b'GET, POST, OPTIONS'), (b'Access-Control-Expose-Headers', b'Content-Length,Content-Type,Date,Server,Connection')])
2025-06-02 16:16:08,448 [INFO] HTTP Request: POST https://api.telegram.org/bot7703986827:AAH49SDMtJfU-XmgtsqdjkxXNUgbFSMctyQ/getUpdates "HTTP/1.1 200 OK"
2025-06-02 16:16:08,448 [DEBUG] receive_response_body.started request=<Request [b'POST']>
2025-06-02 16:16:08,448 [DEBUG] receive_response_body.complete
2025-06-02 16:16:08,448 [DEBUG] response_closed.started
2025-06-02 16:16:08,448 [DEBUG] response_closed.complete
2025-06-02 16:16:08,449 [DEBUG] Call to Bot API endpoint `getUpdates` finished with return value `[]`
2025-06-02 16:16:08,449 [DEBUG] No new updates found.
2025-06-02 16:16:08,449 [DEBUG] Calling Bot API endpoint `getUpdates` with parameters `{'timeout': 10, 'offset': 721425417}`
2025-06-02 16:16:08,449 [DEBUG] send_request_headers.started request=<Request [b'POST']>
2025-06-02 16:16:08,450 [DEBUG] send_request_headers.complete
2025-06-02 16:16:08,450 [DEBUG] send_request_body.started request=<Request [b'POST']>
2025-06-02 16:16:08,450 [DEBUG] send_request_body.complete
2025-06-02 16:16:08,450 [DEBUG] receive_response_headers.started request=<Request [b'POST']>
2025-06-02 16:16:08,684 [DEBUG] receive_response_headers.complete return_value=(b'HTTP/1.1', 200, b'OK', [(b'Server', b'nginx/1.18.0'), (b'Date', b'Mon, 02 Jun 2025 14:16:07 GMT'), (b'Content-Type', b'application/json'), (b'Content-Length', b'1616'), (b'Connection', b'keep-alive'), (b'Strict-Transport-Security', b'max-age=31536000; includeSubDomains; preload'), (b'Access-Control-Allow-Origin', b'*'), (b'Access-Control-Allow-Methods', b'GET, POST, OPTIONS'), (b'Access-Control-Expose-Headers', b'Content-Length,Content-Type,Date,Server,Connection')])
2025-06-02 16:16:08,684 [INFO] HTTP Request: POST https://api.telegram.org/bot7703986827:AAH49SDMtJfU-XmgtsqdjkxXNUgbFSMctyQ/getUpdates "HTTP/1.1 200 OK"
2025-06-02 16:16:08,684 [DEBUG] receive_response_body.started request=<Request [b'POST']>
2025-06-02 16:16:08,684 [DEBUG] receive_response_body.complete
2025-06-02 16:16:08,685 [DEBUG] response_closed.started
2025-06-02 16:16:08,685 [DEBUG] response_closed.complete
2025-06-02 16:16:08,685 [DEBUG] Call to Bot API endpoint `getUpdates` finished with return value `[{'update_id': 721425417, 'callback_query': {'id': '5413346754562069490', 'from': {'id': 1260393009, 'is_bot': False, 'first_name': 'Stefano', 'username': 'mothjoseph', 'language_code': 'en'}, 'message': {'message_id': 71, 'from': {'id': 7703986827, 'is_bot': True, 'first_name': 'push_to_gh', 'username': 'Push_to_GH_Bot'}, 'chat': {'id': 1260393009, 'first_name': 'Stefano', 'username': 'mothjoseph', 'type': 'private'}, 'date': 1748873752, 'photo': [{'file_id': 'AgACAgQAAxkDAANHaD2yGJX5X7MJhAABZEN87rMWuxTOAALPyTEbUSnpUXSlIKje2wJ7AQADAgADcwADNgQ', 'file_unique_id': 'AQADz8kxG1Ep6VF4', 'file_size': 1253, 'width': 81, 'height': 90}, {'file_id': 'AgACAgQAAxkDAANHaD2yGJX5X7MJhAABZEN87rMWuxTOAALPyTEbUSnpUXSlIKje2wJ7AQADAgADbQADNgQ', 'file_unique_id': 'AQADz8kxG1Ep6VFy', 'file_size': 24430, 'width': 287, 'height': 320}, {'file_id': 'AgACAgQAAxkDAANHaD2yGJX5X7MJhAABZEN87rMWuxTOAALPyTEbUSnpUXSlIKje2wJ7AQADAgADeAADNgQ', 'file_unique_id': 'AQADz8kxG1Ep6VF9', 'file_size': 141268, 'width': 718, 'height': 800}, {'file_id': 'AgACAgQAAxkDAANHaD2yGJX5X7MJhAABZEN87rMWuxTOAALPyTEbUSnpUXSlIKje2wJ7AQADAgADeQADNgQ', 'file_unique_id': 'AQADz8kxG1Ep6VF-', 'file_size': 297961, 'width': 1149, 'height': 1280}], 'caption': '✅ Immagine caricata da Stefano', 'reply_markup': {'inline_keyboard': [[{'text': '📡 APRI IMMAGINE NEL BROWSER', 'url': 'https://cdn.jsdelivr.net/gh/astonef/fstfd-cdn@core/images/20250602_161548.jpg'}], [{'text': '📋 OTTIENI IL LINK IN CHAT', 'callback_data': 'copy::20250602_161548'}], [{'text': '🗑️ ELIMINA MESSAGGIO IN CHAT', 'callback_data': 'delete_msg'}]]}}, 'chat_instance': '438506862199288667', 'data': 'copy::20250602_161548'}}]`
2025-06-02 16:16:08,685 [DEBUG] Getting updates: [721425417]
2025-06-02 16:16:08,685 [DEBUG] Processing update Update(callback_query=CallbackQuery(chat_instance='438506862199288667', data='copy::20250602_161548', from_user=User(first_name='Stefano', id=1260393009, is_bot=False, language_code='en', username='mothjoseph'), id='5413346754562069490', message=Message(caption='✅ Immagine caricata da Stefano', channel_chat_created=False, chat=Chat(first_name='Stefano', id=1260393009, type=<ChatType.PRIVATE>, username='mothjoseph'), date=datetime.datetime(2025, 6, 2, 14, 15, 52, tzinfo=<UTC>), delete_chat_photo=False, from_user=User(first_name='push_to_gh', id=7703986827, is_bot=True, username='Push_to_GH_Bot'), group_chat_created=False, message_id=71, photo=(PhotoSize(file_id='AgACAgQAAxkDAANHaD2yGJX5X7MJhAABZEN87rMWuxTOAALPyTEbUSnpUXSlIKje2wJ7AQADAgADcwADNgQ', file_size=1253, file_unique_id='AQADz8kxG1Ep6VF4', height=90, width=81), PhotoSize(file_id='AgACAgQAAxkDAANHaD2yGJX5X7MJhAABZEN87rMWuxTOAALPyTEbUSnpUXSlIKje2wJ7AQADAgADbQADNgQ', file_size=24430, file_unique_id='AQADz8kxG1Ep6VFy', height=320, width=287), PhotoSize(file_id='AgACAgQAAxkDAANHaD2yGJX5X7MJhAABZEN87rMWuxTOAALPyTEbUSnpUXSlIKje2wJ7AQADAgADeAADNgQ', file_size=141268, file_unique_id='AQADz8kxG1Ep6VF9', height=800, width=718), PhotoSize(file_id='AgACAgQAAxkDAANHaD2yGJX5X7MJhAABZEN87rMWuxTOAALPyTEbUSnpUXSlIKje2wJ7AQADAgADeQADNgQ', file_size=297961, file_unique_id='AQADz8kxG1Ep6VF-', height=1280, width=1149)), reply_markup=InlineKeyboardMarkup(inline_keyboard=((InlineKeyboardButton(text='📡 APRI IMMAGINE NEL BROWSER', url='https://cdn.jsdelivr.net/gh/astonef/fstfd-cdn@core/images/20250602_161548.jpg'),), (InlineKeyboardButton(callback_data='copy::20250602_161548', text='📋 OTTIENI IL LINK IN CHAT'),), (InlineKeyboardButton(callback_data='delete_msg', text='🗑️ ELIMINA MESSAGGIO IN CHAT'),))), supergroup_chat_created=False)), update_id=721425417)
2025-06-02 16:16:08,686 [DEBUG] Calling Bot API endpoint `answerCallbackQuery` with parameters `{'callback_query_id': '5413346754562069490', 'text': '✅ Link copiabile inviato', 'show_alert': False}`
2025-06-02 16:16:08,686 [DEBUG] close.started
2025-06-02 16:16:08,687 [DEBUG] close.complete
2025-06-02 16:16:08,687 [DEBUG] connect_tcp.started host='api.telegram.org' port=443 local_address=None timeout=5.0 socket_options=None
2025-06-02 16:16:08,687 [DEBUG] Calling Bot API endpoint `getUpdates` with parameters `{'timeout': 10, 'offset': 721425418}`
2025-06-02 16:16:08,688 [DEBUG] send_request_headers.started request=<Request [b'POST']>
2025-06-02 16:16:08,688 [DEBUG] send_request_headers.complete
2025-06-02 16:16:08,688 [DEBUG] send_request_body.started request=<Request [b'POST']>
2025-06-02 16:16:08,689 [DEBUG] send_request_body.complete
2025-06-02 16:16:08,689 [DEBUG] receive_response_headers.started request=<Request [b'POST']>
2025-06-02 16:16:08,738 [DEBUG] connect_tcp.complete return_value=<httpcore._backends.anyio.AnyIOStream object at 0x0000025E64303230>
2025-06-02 16:16:08,738 [DEBUG] start_tls.started ssl_context=<ssl.SSLContext object at 0x0000025E630D5C50> server_hostname='api.telegram.org' timeout=5.0
2025-06-02 16:16:08,791 [DEBUG] start_tls.complete return_value=<httpcore._backends.anyio.AnyIOStream object at 0x0000025E64303170>
2025-06-02 16:16:08,791 [DEBUG] send_request_headers.started request=<Request [b'POST']>
2025-06-02 16:16:08,792 [DEBUG] send_request_headers.complete
2025-06-02 16:16:08,792 [DEBUG] send_request_body.started request=<Request [b'POST']>
2025-06-02 16:16:08,793 [DEBUG] send_request_body.complete
2025-06-02 16:16:08,793 [DEBUG] receive_response_headers.started request=<Request [b'POST']>
2025-06-02 16:16:08,914 [DEBUG] receive_response_headers.complete return_value=(b'HTTP/1.1', 200, b'OK', [(b'Server', b'nginx/1.18.0'), (b'Date', b'Mon, 02 Jun 2025 14:16:07 GMT'), (b'Content-Type', b'application/json'), (b'Content-Length', b'25'), (b'Connection', b'keep-alive'), (b'Strict-Transport-Security', b'max-age=31536000; includeSubDomains; preload'), (b'Access-Control-Allow-Origin', b'*'), (b'Access-Control-Allow-Methods', b'GET, POST, OPTIONS'), (b'Access-Control-Expose-Headers', b'Content-Length,Content-Type,Date,Server,Connection')])
2025-06-02 16:16:08,915 [INFO] HTTP Request: POST https://api.telegram.org/bot7703986827:AAH49SDMtJfU-XmgtsqdjkxXNUgbFSMctyQ/answerCallbackQuery "HTTP/1.1 200 OK"
2025-06-02 16:16:08,915 [DEBUG] receive_response_body.started request=<Request [b'POST']>
2025-06-02 16:16:08,915 [DEBUG] receive_response_body.complete
2025-06-02 16:16:08,916 [DEBUG] response_closed.started
2025-06-02 16:16:08,916 [DEBUG] response_closed.complete
2025-06-02 16:16:08,916 [DEBUG] Call to Bot API endpoint `answerCallbackQuery` finished with return value `True`
2025-06-02 16:16:08,916 [DEBUG] Calling Bot API endpoint `sendMessage` with parameters `{'chat_id': 1260393009, 'text': 'https://cdn.jsdelivr.net/gh/astonef/fstfd-cdn@core/images/20250602_161548.jpg'}`
2025-06-02 16:16:08,917 [DEBUG] send_request_headers.started request=<Request [b'POST']>
2025-06-02 16:16:08,917 [DEBUG] send_request_headers.complete
2025-06-02 16:16:08,917 [DEBUG] send_request_body.started request=<Request [b'POST']>
2025-06-02 16:16:08,918 [DEBUG] send_request_body.complete
2025-06-02 16:16:08,918 [DEBUG] receive_response_headers.started request=<Request [b'POST']>
2025-06-02 16:16:09,054 [DEBUG] receive_response_headers.complete return_value=(b'HTTP/1.1', 200, b'OK', [(b'Server', b'nginx/1.18.0'), (b'Date', b'Mon, 02 Jun 2025 14:16:08 GMT'), (b'Content-Type', b'application/json'), (b'Content-Length', b'487'), (b'Connection', b'keep-alive'), (b'Strict-Transport-Security', b'max-age=31536000; includeSubDomains; preload'), (b'Access-Control-Allow-Origin', b'*'), (b'Access-Control-Allow-Methods', b'GET, POST, OPTIONS'), (b'Access-Control-Expose-Headers', b'Content-Length,Content-Type,Date,Server,Connection')])
2025-06-02 16:16:09,054 [INFO] HTTP Request: POST https://api.telegram.org/bot7703986827:AAH49SDMtJfU-XmgtsqdjkxXNUgbFSMctyQ/sendMessage "HTTP/1.1 200 OK"
2025-06-02 16:16:09,054 [DEBUG] receive_response_body.started request=<Request [b'POST']>
2025-06-02 16:16:09,054 [DEBUG] receive_response_body.complete
2025-06-02 16:16:09,055 [DEBUG] response_closed.started
2025-06-02 16:16:09,055 [DEBUG] response_closed.complete
2025-06-02 16:16:09,055 [DEBUG] Call to Bot API endpoint `sendMessage` finished with return value `{'message_id': 72, 'from': {'id': 7703986827, 'is_bot': True, 'first_name': 'push_to_gh', 'username': 'Push_to_GH_Bot'}, 'chat': {'id': 1260393009, 'first_name': 'Stefano', 'username': 'mothjoseph', 'type': 'private'}, 'date': 1748873768, 'text': 'https://cdn.jsdelivr.net/gh/astonef/fstfd-cdn@core/images/20250602_161548.jpg', 'entities': [{'offset': 0, 'length': 77, 'type': 'url'}], 'link_preview_options': {'url': 'https://cdn.jsdelivr.net/gh/astonef/fstfd-cdn@core/images/20250602_161548.jpg'}}`
2025-06-02 16:16:13,903 [DEBUG] receive_response_headers.complete return_value=(b'HTTP/1.1', 200, b'OK', [(b'Server', b'nginx/1.18.0'), (b'Date', b'Mon, 02 Jun 2025 14:16:12 GMT'), (b'Content-Type', b'application/json'), (b'Content-Length', b'1605'), (b'Connection', b'keep-alive'), (b'Strict-Transport-Security', b'max-age=31536000; includeSubDomains; preload'), (b'Access-Control-Allow-Origin', b'*'), (b'Access-Control-Allow-Methods', b'GET, POST, OPTIONS'), (b'Access-Control-Expose-Headers', b'Content-Length,Content-Type,Date,Server,Connection')])
2025-06-02 16:16:13,904 [INFO] HTTP Request: POST https://api.telegram.org/bot7703986827:AAH49SDMtJfU-XmgtsqdjkxXNUgbFSMctyQ/getUpdates "HTTP/1.1 200 OK"
2025-06-02 16:16:13,904 [DEBUG] receive_response_body.started request=<Request [b'POST']>
2025-06-02 16:16:13,904 [DEBUG] receive_response_body.complete
2025-06-02 16:16:13,904 [DEBUG] response_closed.started
2025-06-02 16:16:13,904 [DEBUG] response_closed.complete
2025-06-02 16:16:13,906 [DEBUG] Call to Bot API endpoint `getUpdates` finished with return value `[{'update_id': 721425418, 'callback_query': {'id': '5413346754866529804', 'from': {'id': 1260393009, 'is_bot': False, 'first_name': 'Stefano', 'username': 'mothjoseph', 'language_code': 'en'}, 'message': {'message_id': 71, 'from': {'id': 7703986827, 'is_bot': True, 'first_name': 'push_to_gh', 'username': 'Push_to_GH_Bot'}, 'chat': {'id': 1260393009, 'first_name': 'Stefano', 'username': 'mothjoseph', 'type': 'private'}, 'date': 1748873752, 'photo': [{'file_id': 'AgACAgQAAxkDAANHaD2yGJX5X7MJhAABZEN87rMWuxTOAALPyTEbUSnpUXSlIKje2wJ7AQADAgADcwADNgQ', 'file_unique_id': 'AQADz8kxG1Ep6VF4', 'file_size': 1253, 'width': 81, 'height': 90}, {'file_id': 'AgACAgQAAxkDAANHaD2yGJX5X7MJhAABZEN87rMWuxTOAALPyTEbUSnpUXSlIKje2wJ7AQADAgADbQADNgQ', 'file_unique_id': 'AQADz8kxG1Ep6VFy', 'file_size': 24430, 'width': 287, 'height': 320}, {'file_id': 'AgACAgQAAxkDAANHaD2yGJX5X7MJhAABZEN87rMWuxTOAALPyTEbUSnpUXSlIKje2wJ7AQADAgADeAADNgQ', 'file_unique_id': 'AQADz8kxG1Ep6VF9', 'file_size': 141268, 'width': 718, 'height': 800}, {'file_id': 'AgACAgQAAxkDAANHaD2yGJX5X7MJhAABZEN87rMWuxTOAALPyTEbUSnpUXSlIKje2wJ7AQADAgADeQADNgQ', 'file_unique_id': 'AQADz8kxG1Ep6VF-', 'file_size': 297961, 'width': 1149, 'height': 1280}], 'caption': '✅ Immagine caricata da Stefano', 'reply_markup': {'inline_keyboard': [[{'text': '📡 APRI IMMAGINE NEL BROWSER', 'url': 'https://cdn.jsdelivr.net/gh/astonef/fstfd-cdn@core/images/20250602_161548.jpg'}], [{'text': '📋 OTTIENI IL LINK IN CHAT', 'callback_data': 'copy::20250602_161548'}], [{'text': '🗑️ ELIMINA MESSAGGIO IN CHAT', 'callback_data': 'delete_msg'}]]}}, 'chat_instance': '438506862199288667', 'data': 'delete_msg'}}]`
2025-06-02 16:16:13,906 [DEBUG] Getting updates: [721425418]
2025-06-02 16:16:13,906 [DEBUG] Processing update Update(callback_query=CallbackQuery(chat_instance='438506862199288667', data='delete_msg', from_user=User(first_name='Stefano', id=1260393009, is_bot=False, language_code='en', username='mothjoseph'), id='5413346754866529804', message=Message(caption='✅ Immagine caricata da Stefano', channel_chat_created=False, chat=Chat(first_name='Stefano', id=1260393009, type=<ChatType.PRIVATE>, username='mothjoseph'), date=datetime.datetime(2025, 6, 2, 14, 15, 52, tzinfo=<UTC>), delete_chat_photo=False, from_user=User(first_name='push_to_gh', id=7703986827, is_bot=True, username='Push_to_GH_Bot'), group_chat_created=False, message_id=71, photo=(PhotoSize(file_id='AgACAgQAAxkDAANHaD2yGJX5X7MJhAABZEN87rMWuxTOAALPyTEbUSnpUXSlIKje2wJ7AQADAgADcwADNgQ', file_size=1253, file_unique_id='AQADz8kxG1Ep6VF4', height=90, width=81), PhotoSize(file_id='AgACAgQAAxkDAANHaD2yGJX5X7MJhAABZEN87rMWuxTOAALPyTEbUSnpUXSlIKje2wJ7AQADAgADbQADNgQ', file_size=24430, file_unique_id='AQADz8kxG1Ep6VFy', height=320, width=287), PhotoSize(file_id='AgACAgQAAxkDAANHaD2yGJX5X7MJhAABZEN87rMWuxTOAALPyTEbUSnpUXSlIKje2wJ7AQADAgADeAADNgQ', file_size=141268, file_unique_id='AQADz8kxG1Ep6VF9', height=800, width=718), PhotoSize(file_id='AgACAgQAAxkDAANHaD2yGJX5X7MJhAABZEN87rMWuxTOAALPyTEbUSnpUXSlIKje2wJ7AQADAgADeQADNgQ', file_size=297961, file_unique_id='AQADz8kxG1Ep6VF-', height=1280, width=1149)), reply_markup=InlineKeyboardMarkup(inline_keyboard=((InlineKeyboardButton(text='📡 APRI IMMAGINE NEL BROWSER', url='https://cdn.jsdelivr.net/gh/astonef/fstfd-cdn@core/images/20250602_161548.jpg'),), (InlineKeyboardButton(callback_data='copy::20250602_161548', text='📋 OTTIENI IL LINK IN CHAT'),), (InlineKeyboardButton(callback_data='delete_msg', text='🗑️ ELIMINA MESSAGGIO IN CHAT'),))), supergroup_chat_created=False)), update_id=721425418)
2025-06-02 16:16:13,907 [DEBUG] Calling Bot API endpoint `deleteMessage` with parameters `{'chat_id': 1260393009, 'message_id': 71}`
2025-06-02 16:16:13,907 [DEBUG] send_request_headers.started request=<Request [b'POST']>
2025-06-02 16:16:13,908 [DEBUG] Calling Bot API endpoint `getUpdates` with parameters `{'timeout': 10, 'offset': 721425419}`
2025-06-02 16:16:13,910 [DEBUG] send_request_headers.complete
2025-06-02 16:16:13,911 [DEBUG] send_request_body.started request=<Request [b'POST']>
2025-06-02 16:16:13,911 [DEBUG] send_request_body.complete
2025-06-02 16:16:13,911 [DEBUG] receive_response_headers.started request=<Request [b'POST']>
2025-06-02 16:16:13,911 [DEBUG] send_request_headers.started request=<Request [b'POST']>
2025-06-02 16:16:13,912 [DEBUG] send_request_headers.complete
2025-06-02 16:16:13,912 [DEBUG] send_request_body.started request=<Request [b'POST']>
2025-06-02 16:16:13,912 [DEBUG] send_request_body.complete
2025-06-02 16:16:13,912 [DEBUG] receive_response_headers.started request=<Request [b'POST']>
2025-06-02 16:16:13,978 [DEBUG] receive_response_headers.complete return_value=(b'HTTP/1.1', 200, b'OK', [(b'Server', b'nginx/1.18.0'), (b'Date', b'Mon, 02 Jun 2025 14:16:12 GMT'), (b'Content-Type', b'application/json'), (b'Content-Length', b'25'), (b'Connection', b'keep-alive'), (b'Strict-Transport-Security', b'max-age=31536000; includeSubDomains; preload'), (b'Access-Control-Allow-Origin', b'*'), (b'Access-Control-Allow-Methods', b'GET, POST, OPTIONS'), (b'Access-Control-Expose-Headers', b'Content-Length,Content-Type,Date,Server,Connection')])
2025-06-02 16:16:13,978 [INFO] HTTP Request: POST https://api.telegram.org/bot7703986827:AAH49SDMtJfU-XmgtsqdjkxXNUgbFSMctyQ/deleteMessage "HTTP/1.1 200 OK"
2025-06-02 16:16:13,979 [DEBUG] receive_response_body.started request=<Request [b'POST']>
2025-06-02 16:16:13,979 [DEBUG] receive_response_body.complete
2025-06-02 16:16:13,979 [DEBUG] response_closed.started
2025-06-02 16:16:13,979 [DEBUG] response_closed.complete
2025-06-02 16:16:13,979 [DEBUG] Call to Bot API endpoint `deleteMessage` finished with return value `True`
2025-06-02 16:16:13,979 [DEBUG] 🧽 Messaggio eliminato via bottone
2025-06-02 16:16:13,979 [DEBUG] Calling Bot API endpoint `answerCallbackQuery` with parameters `{'callback_query_id': '5413346754866529804'}`
2025-06-02 16:16:13,980 [DEBUG] send_request_headers.started request=<Request [b'POST']>
2025-06-02 16:16:13,980 [DEBUG] send_request_headers.complete
2025-06-02 16:16:13,980 [DEBUG] send_request_body.started request=<Request [b'POST']>
2025-06-02 16:16:13,980 [DEBUG] send_request_body.complete
2025-06-02 16:16:13,980 [DEBUG] receive_response_headers.started request=<Request [b'POST']>
2025-06-02 16:16:14,065 [DEBUG] receive_response_headers.complete return_value=(b'HTTP/1.1', 200, b'OK', [(b'Server', b'nginx/1.18.0'), (b'Date', b'Mon, 02 Jun 2025 14:16:13 GMT'), (b'Content-Type', b'application/json'), (b'Content-Length', b'25'), (b'Connection', b'keep-alive'), (b'Strict-Transport-Security', b'max-age=31536000; includeSubDomains; preload'), (b'Access-Control-Allow-Origin', b'*'), (b'Access-Control-Allow-Methods', b'GET, POST, OPTIONS'), (b'Access-Control-Expose-Headers', b'Content-Length,Content-Type,Date,Server,Connection')])
2025-06-02 16:16:14,065 [INFO] HTTP Request: POST https://api.telegram.org/bot7703986827:AAH49SDMtJfU-XmgtsqdjkxXNUgbFSMctyQ/answerCallbackQuery "HTTP/1.1 200 OK"
2025-06-02 16:16:14,065 [DEBUG] receive_response_body.started request=<Request [b'POST']>
2025-06-02 16:16:14,065 [DEBUG] receive_response_body.complete
2025-06-02 16:16:14,065 [DEBUG] response_closed.started
2025-06-02 16:16:14,065 [DEBUG] response_closed.complete
2025-06-02 16:16:14,065 [DEBUG] Call to Bot API endpoint `answerCallbackQuery` finished with return value `True`
2025-06-02 16:16:23,960 [DEBUG] receive_response_headers.complete return_value=(b'HTTP/1.1', 200, b'OK', [(b'Server', b'nginx/1.18.0'), (b'Date', b'Mon, 02 Jun 2025 14:16:22 GMT'), (b'Content-Type', b'application/json'), (b'Content-Length', b'23'), (b'Connection', b'keep-alive'), (b'Strict-Transport-Security', b'max-age=31536000; includeSubDomains; preload'), (b'Access-Control-Allow-Origin', b'*'), (b'Access-Control-Allow-Methods', b'GET, POST, OPTIONS'), (b'Access-Control-Expose-Headers', b'Content-Length,Content-Type,Date,Server,Connection')])
2025-06-02 16:16:23,960 [INFO] HTTP Request: POST https://api.telegram.org/bot7703986827:AAH49SDMtJfU-XmgtsqdjkxXNUgbFSMctyQ/getUpdates "HTTP/1.1 200 OK"
2025-06-02 16:16:23,960 [DEBUG] receive_response_body.started request=<Request [b'POST']>
2025-06-02 16:16:23,960 [DEBUG] receive_response_body.complete
2025-06-02 16:16:23,961 [DEBUG] response_closed.started
2025-06-02 16:16:23,961 [DEBUG] response_closed.complete
2025-06-02 16:16:23,961 [DEBUG] Call to Bot API endpoint `getUpdates` finished with return value `[]`
2025-06-02 16:16:23,961 [DEBUG] No new updates found.
2025-06-02 16:16:23,961 [DEBUG] Calling Bot API endpoint `getUpdates` with parameters `{'timeout': 10, 'offset': 721425419}`
2025-06-02 16:16:23,961 [DEBUG] send_request_headers.started request=<Request [b'POST']>
2025-06-02 16:16:23,962 [DEBUG] send_request_headers.complete
2025-06-02 16:16:23,962 [DEBUG] send_request_body.started request=<Request [b'POST']>
2025-06-02 16:16:23,962 [DEBUG] send_request_body.complete
2025-06-02 16:16:23,962 [DEBUG] receive_response_headers.started request=<Request [b'POST']>
